id,target,prediction,abs_error
mp-23157,0.41,-15.247546,15.657546
mp-1039368,0.32,-14.776256,15.096256
mp-1039154,0.5,-13.779679,14.279679
mp-2767,0.24,6.7252536,6.4852536
mp-2297,0.34,-6.1283712,6.4683712
mp-1014307,0.26,-3.116769,3.3767690000000004
mp-569423,0.43,3.704,3.274
mp-46,0.32,3.4445999,3.1245999
mp-1008601,0.43,-2.6179068,3.0479068000000002
mp-45,0.31,3.0649052,2.7549052
mp-4124,0.35,-2.3237245,2.6737245
mp-1039447,0.33,-2.3024156,2.6324156
mp-166,0.5,3.1036592,2.6036592
mp-570259,0.26,-2.3195493,2.5795493
mp-1129,0.3,-2.245941,2.545941
mp-132,0.27,-2.2519603,2.5219603
mp-1885,0.28,-2.1215448,2.4015448
mp-554355,0.21,-2.1896224,2.3996224
mp-962078,0.31,-2.0087297,2.3187297
mp-2741,0.28,-1.8937786,2.1737786000000003
mp-2630,0.42,2.5690029,2.1490029
mp-30835,0.34,2.3688443,2.0288443000000003
mp-12892,0.01,-1.8162634,1.8262634
mp-309,0.29,-1.478449,1.768449
mp-1073,0.29,-1.4585155,1.7485155000000001
mp-1377,0.25,1.9156483,1.6656483
mp-10721,0.26,-1.3479979,1.6079979
mp-1252,0.19,1.7758938,1.5858938
mp-2534,0.23,1.7948779,1.5648779
mp-22040,0.25,-1.3020455,1.5520455
mp-568306,0.35,-1.199928,1.549928
mp-603640,0.3,1.7741244,1.4741244
mp-5615,0.23,-1.1257484,1.3557484
mp-2120,0.32,1.651693,1.331693
mp-568398,0.3,-1.017482,1.317482
mp-571386,0.48,-0.8137428,1.2937428
mp-540912,0.23,-1.045187,1.275187
mp-14622,0.49,-0.77914625,1.26914625
mp-11563,0.02,1.2804832,1.2604832
mp-2143,0.78,-0.4253861,1.2053861000000001
mp-28069,0.25,-0.9549449,1.2049449
mp-28753,0.22,1.4175692,1.1975692
mp-1128,0.32,-0.8250751,1.1450751
mp-10622,0.23,1.3727523,1.1427523
mp-1025,0.37,1.4928004,1.1228004
mp-634965,0.28,-0.83830136,1.11830136
mp-27666,0.43,-0.6454958,1.0754958
mp-22879,0.28,-0.7791794,1.0591794
mp-570506,0.17,-0.8724426,1.0424426
mp-568695,0.25,-0.7871388,1.0371388000000001
mp-1018029,0.35,1.369145,1.019145
mp-21023,0.21,-0.80802,1.01802
mp-16326,0.33,-0.68588006,1.01588006
mp-30999,0.26,1.2666444,1.0066443999999999
mp-72,0.27,1.2478969,0.9778969
mp-10154,0.36,-0.60510796,0.96510796
mp-36111,0.19,1.1320349,0.9420349000000001
mp-56,0.29,-0.65186006,0.94186006
mp-24504,0.29,1.210437,0.920437
mp-99,0.23,1.1401032,0.9101032
mp-1025346,0.32,-0.5731656,0.8931656000000001
mp-24726,0.43,-0.4438777,0.8738777
mp-1001913,0.81,-0.053508386,0.863508386
mp-30312,0.32,-0.53710157,0.85710157
mp-32548,0.35,-0.5059181,0.8559181
mp-1895,0.36,-0.49086303,0.85086303
mp-2735,0.49,-0.36058366,0.85058366
mp-84,0.3,-0.5384858,0.8384858
mp-569779,0.3,1.1332883,0.8332883
mp-252,0.21,1.0408374,0.8308374000000001
mp-20034,0.21,1.0040071,0.7940071
mp-3205,0.37,-0.40627706,0.77627706
mp-961651,0.26,1.0351615,0.7751615000000001
mp-865450,0.26,-0.5111112,0.7711112
mp-10044,0.13,0.8906631,0.7606631
mp-27396,0.24,0.9862891,0.7462891
mp-1014229,0.29,1.0282965,0.7382964999999999
mp-696114,0.33,1.0633676,0.7333676
mp-933,0.22,0.9432464,0.7232464000000001
mp-7830,0.71,-0.010451078,0.720451078
mp-1008488,0.38,-0.3391199,0.7191198999999999
mp-505780,0.26,-0.4551177,0.7151177
mp-8352,0.32,-0.39042145,0.71042145
mp-997630,0.53,-0.17895593,0.70895593
mp-1235,0.34,1.0463383,0.7063382999999999
mp-10861,0.4,1.1059711,0.7059711000000001
mp-6938,0.32,1.024209,0.7042089999999999
mp-18905,0.37,-0.32460305,0.69460305
mp-12605,0.28,0.95803016,0.6780301599999999
mp-982637,0.28,0.9560911,0.6760911
mp-850274,0.48,-0.19212456,0.67212456
mp-30507,0.23,0.9004316,0.6704316
mp-961698,0.28,0.94933814,0.66933814
mp-4559,0.29,0.9520393,0.6620393
mp-972839,0.64,-0.017528862,0.657528862
mp-18316,0.32,-0.33510947,0.65510947
mp-29208,0.24,-0.41062358,0.65062358
mp-1961,0.33,0.9707996,0.6407996
mp-571322,0.81,0.1696028,0.6403972
mp-9888,0.23,-0.4089769,0.6389769
mp-636328,0.29,0.9241099,0.6341099000000001
mp-1002181,0.62,-0.011016905,0.631016905
mp-22692,-0.0,0.62968796,0.62968796
mp-15649,0.24,-0.38899645,0.62899645
mp-2406,0.33,-0.29860044,0.62860044
mp-2794,0.33,-0.29831538,0.6283153800000001
mp-639755,0.72,0.09535353,0.62464647
mp-569304,0.19,-0.43401498,0.62401498
mp-999027,0.37,0.985184,0.615184
mp-976765,0.37,0.97805077,0.60805077
mp-22558,0.36,-0.24017256,0.60017256
mp-1158,0.33,0.9297971,0.5997971
mp-982665,0.66,0.062736556,0.597263444
mp-6504,0.31,-0.28563136,0.59563136
mp-974332,0.33,-0.26332247,0.5933224699999999
mp-762271,0.54,-0.052015707,0.5920157070000001
mp-22979,0.27,-0.32093006,0.59093006
mp-1001833,0.31,-0.2775066,0.5875066
mp-24155,0.7,0.1149662,0.5850337999999999
mp-995191,0.44,-0.14193763,0.58193763
mp-30139,-0.16,0.42112,0.58112
mp-1786,0.28,0.85988384,0.5798838399999999
mp-1009594,0.3,0.8766245,0.5766245000000001
mp-1025571,0.46,-0.11657281,0.57657281
mp-4051,-0.28,0.2950431,0.5750431
mp-2291,0.4,0.9738551,0.5738551
mp-1018115,-0.08,0.48741663,0.56741663
mp-1009834,0.19,0.7572358,0.5672358
mp-973111,0.54,-0.026100159,0.566100159
mp-9799,0.21,0.7753772,0.5653772
mp-20438,0.28,0.8438496,0.5638496
mp-696752,0.24,0.8023674,0.5623674
mp-1025236,0.25,0.80498224,0.55498224
mp-1778,0.14,0.6941048,0.5541048
mp-13475,0.27,-0.28132087,0.5513208700000001
mp-22204,0.35,-0.20122533,0.55122533
mp-27606,0.24,-0.3106993,0.5506993
mp-571599,0.35,-0.19939332,0.54939332
mp-981,0.29,-0.25937915,0.54937915
mp-756784,0.28,-0.2691158,0.5491158
mp-961718,0.51,-0.03830041,0.54830041
mp-1018028,0.21,0.75598806,0.54598806
mp-2553,0.18,0.725105,0.545105
mp-1009079,0.34,-0.20446469,0.5444646900000001
mp-313,0.34,0.88415116,0.54415116
mp-22966,0.31,-0.23338218,0.54338218
mp-1215,0.26,0.79891294,0.53891294
mp-8963,0.23,0.7686947,0.5386947
mp-866286,0.25,0.7821114,0.5321114
mp-961727,0.56,0.034143552,0.5258564480000001
mp-972827,0.3,-0.22456895,0.5245689499999999
mp-1039383,0.35,0.8744332,0.5244332
mp-755875,0.29,0.8141077,0.5241077000000001
mp-4142,0.42,0.9436564,0.5236563999999999
mp-1459,0.21,0.7298709,0.5198709
mp-910,0.23,-0.28948295,0.51948295
mp-1009048,-0.17,0.3444726,0.5144726000000001
mp-18,0.25,0.76395607,0.51395607
mp-999059,0.55,0.038066134,0.511933866
mp-570632,0.28,-0.23169275,0.51169275
mp-7947,0.4,-0.11147007,0.51147007
mp-30160,0.49,-0.018635705,0.508635705
mp-560236,0.39,-0.115711436,0.505711436
mp-29259,0.35,-0.15392573,0.50392573
mp-20284,0.68,0.17705537,0.50294463
mp-2108,0.22,0.72145957,0.5014595700000001
mp-190,0.28,0.7791419,0.4991419
mp-11576,0.25,0.7467081,0.4967081
mp-636212,0.48,-0.014504865,0.49450486499999996
mp-7631,0.16,-0.33252844,0.49252843999999996
mp-1039198,0.41,0.90242213,0.49242213000000007
mp-1011695,0.32,-0.16760059,0.48760059
mp-1018135,0.2,-0.28670132,0.48670132
mp-10615,0.23,0.7154791,0.48547910000000005
mp-11482,0.27,-0.21309377,0.48309377
mp-10687,0.29,0.7714807,0.48148070000000004
mp-777595,0.35,-0.13118452,0.48118452
mp-973175,0.35,-0.13115396,0.48115396
mp-19051,0.52,0.039216027,0.48078397300000003
mp-567653,0.39,0.8687574,0.4787574
mp-971706,0.33,-0.14532617,0.47532617
mp-20424,0.26,-0.21054089,0.47054089
mp-7440,0.3,-0.16972552,0.46972552
mp-1008876,0.44,-0.029502973,0.469502973
mp-2554,0.17,0.6392016,0.4692016
mp-989193,0.54,0.07128577,0.46871423
mp-752685,0.32,-0.14799024,0.46799024
mp-12661,0.74,0.27224022,0.46775978
mp-867753,0.76,0.29284447,0.46715553
mp-697068,0.37,-0.09653689,0.46653689
mp-2339,0.34,0.80582064,0.46582063999999995
mp-570538,0.3,-0.16403972,0.46403972
mp-29646,0.23,0.69360805,0.46360805000000005
mp-864984,0.38,-0.08335905,0.46335905
mp-8752,0.18,-0.2812271,0.4612271
mp-915,0.31,0.7699643,0.45996430000000005
mp-569775,0.24,0.6973587,0.4573587
mp-9889,0.23,-0.22587287,0.45587287
mp-2,0.38,0.8343769,0.4543769
mp-1020059,0.22,0.6718998,0.4518998000000001
mp-12083,0.22,0.67094237,0.45094237000000004
mp-978846,0.38,-0.07090126,0.45090125999999997
mp-28599,0.23,0.67716813,0.44716813
mp-23301,0.55,0.10554288,0.44445712000000004
mp-6058,-0.05,0.393205,0.443205
mp-974990,0.48,0.037520394,0.44247960599999997
mp-8936,-0.06,0.3823303,0.4423303
mp-759541,0.36,-0.08111946,0.44111946
mp-13099,0.35,0.79096967,0.44096967
mp-1535,0.68,0.23991899,0.44008101000000005
mp-9942,0.15,0.58648545,0.43648544999999994
mp-985588,0.59,0.15448143,0.43551856999999994
mvc-3245,-0.1,0.334947,0.434947
mp-559051,0.31,-0.12323713,0.43323712999999997
mp-752735,0.46,0.029033527,0.430966473
mp-504711,0.44,0.009351119,0.430648881
mp-22320,0.31,-0.11921473,0.42921473
mp-1260,0.31,0.7367638,0.42676379999999997
mp-20526,0.21,0.6349069,0.4249069000000001
mp-7857,0.15,0.5746896,0.4246896
mp-865355,0.41,-0.013621196,0.423621196
mp-19870,0.36,-0.063092455,0.423092455
mp-105,0.32,-0.102094084,0.42209408400000004
mp-571096,0.2,0.6209467,0.42094669999999995
mp-1002229,0.74,1.1579123,0.4179123
mp-23304,0.33,-0.0872076,0.4172076
mp-865586,0.3,-0.11683789,0.41683789
mp-961668,0.42,0.003807798,0.416192202
mp-1007760,0.19,0.60539937,0.41539937
mp-753619,0.25,-0.16497818,0.41497818
mp-999052,-0.19,0.22339104,0.41339104000000004
mp-865856,0.33,-0.08269419,0.41269419
mp-17524,0.19,0.6019513,0.41195129999999996
mp-527,0.27,-0.14161482,0.41161482000000005
mp-13132,0.64,0.22858055,0.41141945
mp-827,0.26,0.6709334,0.4109334
mp-553939,0.32,-0.09088813,0.41088813
mp-13590,0.39,-0.020137057,0.410137057
mp-1007881,0.24,-0.16966584,0.40966584
mp-961680,0.48,0.070825204,0.40917479599999995
mp-568233,0.28,-0.12876649,0.40876649000000004
mp-972892,0.54,0.13139455,0.40860545000000004
mp-9907,0.23,-0.1782946,0.4082946
mp-11421,0.61,0.20617367,0.40382633
mp-22908,0.14,-0.26319596,0.40319596
mp-10018,0.26,0.6619138,0.4019138
mp-23197,0.52,0.118166015,0.401833985
mp-1008911,0.19,-0.21162291,0.40162291
mp-10890,0.22,0.6213356,0.4013356
mp-556546,0.28,0.6787292,0.3987292
mp-11237,0.33,0.72863317,0.39863317000000004
mp-3315,0.35,-0.048610672,0.398610672
mp-27148,0.18,0.5782512,0.39825119999999997
mp-13,0.32,-0.07760577,0.39760577
mp-1014246,0.29,-0.10728367,0.39728367
mp-758933,0.16,0.55704874,0.39704874
mp-21022,0.19,0.5849708,0.3949708
mp-975322,0.46,0.06568678,0.39431322
mp-23797,0.26,0.6523585,0.39235849999999994
mp-505527,0.23,0.6222516,0.39225160000000003
mp-33723,0.24,-0.15187094,0.39187094
mp-741,0.32,-0.07051252,0.39051252000000003
mp-1996,0.31,0.69902354,0.38902354
mp-977403,-0.23,0.15894301,0.38894301
mvc-15643,-0.03,0.35859996,0.38859995999999997
mp-18721,0.31,0.6985836,0.3885836
mp-11345,0.25,0.6376338,0.38763380000000003
mp-4732,0.22,-0.16587105,0.38587105
mp-28591,0.18,-0.20564817,0.38564816999999996
mp-1008634,0.42,0.035139814,0.384860186
mp-861662,0.35,0.7338419,0.38384190000000007
mp-10635,0.3,-0.083363116,0.383363116
mp-9198,0.19,0.57282645,0.38282645
mp-558050,0.05,0.43253255,0.38253255
mp-865779,0.3,-0.08099119,0.38099119
mp-9948,0.25,0.62982386,0.37982386
mp-1018629,0.45,0.0710101,0.3789899
mp-31256,0.13,0.50882316,0.37882316000000005
mp-3271,0.23,0.6065767,0.3765767
mp-13008,0.22,0.5955989,0.37559890000000007
mp-754126,0.43,0.05468832,0.37531168
mp-1006886,-0.1,0.2746423,0.3746423
mp-1001581,0.19,0.56410724,0.37410724
mp-23560,0.18,0.5511676,0.3711676
mp-997161,0.36,-0.011120483,0.371120483
mp-1008874,0.25,-0.120938614,0.370938614
mp-10266,0.29,-0.07993995,0.36993994999999996
mp-10056,-0.13,0.23901092,0.36901092
mp-762506,0.29,0.6570016,0.3670016
mp-762,0.23,-0.13648085,0.36648084999999997
mp-570276,0.31,0.6761431,0.3661431
mp-161,0.16,0.52444685,0.36444685
mp-1907,0.21,0.57378954,0.3637895400000001
mp-1746,0.27,-0.09337735,0.36337735000000004
mp-1018814,0.32,-0.042166844,0.362166844
mp-569600,0.25,0.6121219,0.3621219
mp-8842,0.28,-0.08091639,0.36091639000000003
mp-30753,0.34,0.70083773,0.36083773
mp-14983,0.21,0.5706263,0.36062630000000007
mp-1591,0.21,-0.15040876,0.36040876
mp-29009,0.26,0.6203148,0.36031480000000005
mp-7498,0.27,0.6296688,0.3596688
mp-8177,0.42,0.061443314,0.358556686
mp-961774,0.3,-0.05823292,0.35823292
mp-966800,0.27,0.6281549,0.35815489999999994
mp-7191,0.24,0.59780866,0.35780866
mp-10161,0.23,0.58671594,0.35671594000000006
mp-542595,0.19,0.54646,0.35645999999999994
mp-5459,0.3,-0.056430206,0.35643020599999997
mp-972,0.19,0.54599243,0.35599242999999997
mp-265,0.23,0.5856262,0.3556262
mp-864657,0.25,0.6050541,0.35505410000000004
mp-3963,0.32,0.6743979,0.3543979
mp-22619,0.22,0.5726923,0.35269230000000007
mp-617,0.23,0.5820615,0.3520615
mp-5618,0.3,-0.05147326,0.35147326
mp-977435,0.29,0.6403759,0.3503759
mp-32,0.19,0.54035425,0.35035425000000003
mp-642822,0.47,0.81965643,0.34965643
mp-2845,0.39,0.04065658,0.34934342
mp-614013,0.28,-0.06832802,0.34832802
mp-27263,0.35,0.69684994,0.34684994
mp-4494,0.32,-0.026470616,0.346470616
mp-568619,0.16,-0.1841806,0.3441806
mp-866180,0.17,0.512918,0.34291799999999995
mp-866291,0.44,0.7826834,0.3426834
mp-567832,0.25,0.59217197,0.34217197
mp-1811,0.39,0.04951082,0.34048918
mp-22027,0.38,0.040116712,0.339883288
mp-541937,0.28,-0.059683904,0.33968390400000004
mp-2012,0.28,-0.059369862,0.339369862
mp-29826,0.35,0.011053413,0.33894658699999997
mp-973067,0.43,0.091689214,0.338310786
mp-1233,0.3,-0.035695538,0.33569553799999996
mp-2507,0.24,-0.09532626,0.33532626
mp-30148,0.08,-0.252992,0.332992
mp-7459,0.25,-0.08298989,0.33298989
mp-1017466,0.35,0.017113417,0.33288658299999996
mp-1747,0.35,0.017533079,0.33246692099999997
mp-27934,0.34,0.007820308,0.332179692
mp-974641,0.46,0.12816553,0.33183447
mp-570001,0.28,-0.05133982,0.33133982
mp-9973,0.17,-0.16113335,0.33113335
mp-30587,0.39,0.059664056,0.330335944
mp-22922,0.42,0.7497786,0.3297786
mp-30836,0.32,0.64973074,0.32973073999999997
mp-761842,0.31,-0.019321293,0.329321293
mp-2547,0.37,0.6991368,0.3291368
mp-29666,0.21,-0.118484065,0.328484065
mp-1023132,0.26,0.5880665,0.32806650000000004
mp-961677,0.56,0.23195027,0.32804973000000004
mp-22262,0.3,-0.027976334,0.327976334
mp-22871,0.28,-0.047265396,0.32726539600000004
mp-978272,0.29,0.6165747,0.32657470000000005
mp-962074,0.56,0.23367836,0.3263216400000001
mp-864953,0.31,-0.01601334,0.32601334
mp-27425,0.27,0.595055,0.325055
mp-1956,0.22,-0.10441637,0.32441637
mp-568469,0.29,0.6138294,0.3238294
mp-977176,0.36,0.03647749,0.32352251
mp-241,0.37,0.04663743,0.32336257
mp-15951,0.05,0.37280434,0.32280434
mp-2874,0.32,-0.002011001,0.322011001
mp-1820,0.21,-0.11127111,0.32127110999999997
mp-20158,0.44,0.12151687,0.31848313
mp-10173,0.31,0.6284036,0.31840359999999995
mp-14226,0.47,0.15213625,0.31786375
mp-7597,0.25,-0.06781213,0.31781212999999997
mp-10009,0.26,-0.05675982,0.31675982
mp-1176,0.36,0.67648214,0.31648213999999997
mp-998,0.32,0.0037140697,0.3162859303
mp-542812,0.22,-0.09606169,0.31606169
mp-1025364,0.24,0.55603284,0.31603284
mp-22897,0.31,0.6253413,0.3153413
mp-20426,0.36,0.044671997,0.31532800299999997
mp-1879,0.21,0.52506065,0.31506065000000005
mp-13137,0.22,0.53475976,0.31475976000000006
mp-1022725,0.26,-0.054331303,0.314331303
mp-12752,0.21,0.52329874,0.31329874
mp-29641,0.22,-0.09228419,0.31228419
mp-2474,0.31,0.62193793,0.31193793
mp-9459,0.28,-0.03173469,0.31173469000000004
mp-760417,0.15,0.46159285,0.31159285000000003
mp-79,0.27,-0.041018605,0.311018605
mp-15985,0.27,0.5807315,0.31073149999999994
mp-864732,0.14,0.45001364,0.31001364
mp-1700,0.24,0.5494105,0.30941050000000003
mp-37,0.2,-0.10931337,0.30931337000000003
mp-8062,0.16,-0.14856292,0.30856291999999996
mp-1039,0.34,0.03258045,0.30741955000000004
mp-570113,0.4,0.09290074,0.30709926000000004
mp-30354,0.32,0.013061732,0.306938268
mp-553961,0.34,0.033108726,0.30689127400000005
mp-973767,0.42,0.11331634,0.30668365999999997
mp-4478,0.39,0.08378695,0.30621305
mp-989554,0.33,0.6360427,0.30604269999999995
mp-761568,0.41,0.10403426,0.30596574
mp-568516,0.24,-0.06507073,0.30507072999999996
mp-15679,0.3,-0.0046352297,0.3046352297
mp-11300,0.33,0.6344997,0.3044997
mp-1009814,-0.11,0.19387873,0.30387873
mp-570568,0.36,0.05626844,0.30373156
mp-2572,0.24,0.5435688,0.30356879999999997
mp-976283,0.51,0.20671447,0.30328553
mp-36248,-0.15,0.15244333,0.30244333
mp-1016833,0.34,0.037750438,0.302249562
mp-11147,0.34,0.037846163,0.30215383700000004
mp-864920,0.37,0.67110586,0.30110586000000006
mp-19893,0.33,0.6306507,0.3006507
mp-1124,0.31,0.009573236,0.300426764
mp-22221,0.41,0.110341266,0.299658734
mp-1412,0.4,0.6993869,0.2993869
mp-472,0.46,0.16071145,0.29928855
mp-12961,0.39,0.68924946,0.29924945999999997
mp-867202,0.54,0.24108808,0.29891192
mp-22895,0.32,0.6187395,0.2987395
mp-1473,0.29,-0.007587865,0.297587865
mp-2452,0.27,0.5674616,0.2974616
mp-998982,0.33,0.6270867,0.2970867
mp-31301,0.36,0.06313561,0.29686439
mp-1008632,0.32,0.6165845,0.2965845
mp-999516,0.23,0.5261702,0.29617020000000005
mp-4065,0.25,-0.045952693,0.295952693
mp-865893,0.38,0.08483623,0.29516377
mp-865536,0.36,0.65363246,0.29363246
mp-9570,0.25,0.5425926,0.2925926
mp-983594,0.71,0.41821188,0.29178812
mp-504600,0.32,0.6115221,0.29152209999999995
mp-2085,0.42,0.12902291,0.29097709
mp-224,0.2,-0.09096417,0.29096417
mp-1332,0.29,-0.0002860874,0.2902860874
mp-757,0.16,0.45009524,0.29009524
mp-558781,0.32,0.030019611,0.289980389
mp-1016827,0.25,-0.039356515,0.289356515
mp-982885,0.29,0.00073981285,0.28926018714999996
mp-864957,0.3,0.010841772,0.289158228
mp-570454,0.55,0.26095194,0.28904806000000005
mp-5370,0.33,0.041646406,0.28835359400000005
mp-22769,0.3,0.5880539,0.28805390000000003
mp-644229,0.16,0.4479869,0.28798690000000005
mp-31205,0.34,0.052435055,0.287564945
mp-2234,0.3,0.013529763,0.28647023699999996
mp-30245,0.23,0.5162499,0.28624990000000006
mp-867342,0.1,0.3861941,0.2861941
mp-1135,0.32,0.60607153,0.28607153
mp-5504,0.31,0.024140641,0.285859359
mp-714969,0.26,-0.025522113,0.285522113
mp-19260,0.33,0.045188054,0.28481194600000004
mp-30483,0.32,0.03591393,0.28408607
mp-754086,0.32,0.035926804,0.28407319600000003
mp-861943,0.36,0.6435663,0.28356630000000005
mp-555321,0.3,0.01704435,0.28295565
mp-1022488,0.5,0.21752171,0.28247829
mp-620054,0.19,0.47213125,0.28213125
mp-1105,0.28,-0.0017401725,0.28174017250000005
mp-1652,0.33,0.6117187,0.28171869999999993
mp-30206,0.34,0.0597672,0.2802328
mp-23846,0.29,0.56997436,0.27997436000000003
mp-973316,0.46,0.18139367,0.27860633
mp-22975,0.13,0.4082653,0.2782653
mp-5724,0.07,0.34824312,0.27824312
mp-9920,0.25,-0.027874723,0.277874723
mp-318,0.43,0.15251108,0.27748892000000003
mp-1007637,0.2,-0.07720061,0.27720061
mp-20740,0.28,0.55700547,0.27700547
mp-979436,0.6,0.32308668,0.27691331999999996
mp-505331,0.38,0.10337238,0.27662762
mp-27839,0.31,0.5864974,0.27649739999999995
mp-29135,0.27,0.5464607,0.2764607
mp-865997,0.25,0.52604884,0.27604883999999996
mp-570985,0.16,-0.11594346,0.27594346000000003
mp-2327,0.34,0.064113244,0.275886756
mp-110,0.47,0.19428234,0.27571766
mp-865780,0.29,0.0144364685,0.27556353149999996
mp-10688,0.23,0.5047947,0.27479470000000006
mp-5532,0.25,0.52473575,0.27473574999999995
mp-862791,-0.13,0.14422674,0.27422674
mp-2825,0.35,0.6234941,0.2734941000000001
mp-12778,0.32,0.5933116,0.27331160000000004
mp-9947,0.16,-0.11309396,0.27309395999999997
mp-7482,0.37,0.096906915,0.273093085
mp-13031,0.34,0.61270744,0.27270743999999997
mp-984554,0.55,0.27756822,0.27243178000000007
mp-974435,0.27,-0.0022495836,0.2722495836
mp-864936,0.3,0.028201178,0.271798822
mp-8601,0.31,0.03851916,0.27148084
mp-558733,0.21,-0.061349243,0.27134924299999996
mp-639727,0.36,0.088731155,0.271268845
mp-972828,0.34,0.0690126,0.27098740000000004
mp-1025045,0.33,0.6006904,0.27069039999999994
mp-555370,0.2,0.4703114,0.2703114
mp-22258,0.27,0.00077418983,0.26922581017
mp-640095,0.34,0.07084559,0.26915441
mp-1341,0.35,0.08088334,0.26911666
mp-867147,0.47,0.2010056,0.26899439999999997
mp-24151,0.25,-0.018161193,0.268161193
mvc-14047,0.18,0.44774657,0.26774657
mp-16528,0.24,-0.027593061,0.26759306099999997
mp-1001571,0.23,-0.03744267,0.26744267
mp-558411,0.23,-0.036977395,0.266977395
mp-24289,0.4,0.13345961,0.26654039
mp-1013712,0.28,0.013515875,0.266484125
mp-21447,0.29,0.023769125,0.266230875
mp-999543,0.01,0.27587742,0.26587742
mp-978853,0.25,-0.015626773,0.265626773
mp-19359,0.24,-0.02520287,0.26520287
mp-981934,0.46,0.19483145,0.26516855000000006
mp-1025293,0.32,0.5845381,0.26453809999999994
mp-775001,-0.06,0.2041112,0.2641112
mp-3323,0.26,-0.003821522,0.26382152200000003
mp-23350,0.26,0.5233213,0.2633213
mp-990076,0.24,-0.023311988,0.263311988
mp-7143,0.29,0.026766807,0.263233193
mp-961656,0.27,0.0070898086,0.2629101914
mp-977534,0.33,0.06730141,0.26269859
mp-10189,0.23,0.4924757,0.2624757
mp-560588,0.29,0.027567029,0.26243297099999996
mp-23526,0.31,0.047732875,0.262267125
mp-571203,0.3,0.037921116,0.262078884
mp-865378,-0.02,0.2413141,0.2613141
mp-865529,0.47,0.20887189,0.26112810999999997
mp-973561,0.46,0.19894765,0.26105235000000004
mp-1008530,0.33,0.06895088,0.26104912
mp-10455,0.24,0.5009405,0.2609405
mp-754892,0.5,0.23929088,0.26070912
mp-30834,0.36,0.09951012,0.26048988
mp-30418,0.42,0.15952872,0.26047127999999997
mp-867347,0.25,0.51037997,0.26037997
mp-558798,0.26,0.520248,0.26024800000000003
mp-7262,0.26,0.000108644366,0.259891355634
mp-1201,0.21,-0.04971145,0.25971145
mp-2776,0.42,0.16077219,0.25922780999999995
mp-644504,0.35,0.09086971,0.25913029
mp-867121,0.32,0.5788444,0.25884440000000003
mp-22498,0.28,0.02200599,0.25799401000000005
mp-972960,0.43,0.17237617,0.25762383
mp-4510,0.15,0.40680712,0.25680712000000006
mp-22052,0.31,0.053230748,0.256769252
mp-972036,0.39,0.13334663,0.25665337
mp-31496,0.31,0.053790495,0.256209505
mp-974511,0.46,0.20408745,0.25591255
mp-11029,0.25,-0.005845979,0.255845979
mp-1008931,0.5,0.24415825,0.25584175
mp-1125,0.17,-0.085648,0.255648
mp-28232,0.31,0.054630592,0.255369408
mp-865986,0.2,0.45517433,0.25517433
mp-865756,0.52,0.26504087,0.25495913000000003
mp-35208,0.3,0.045292422,0.254707578
mp-1014261,0.32,0.066088304,0.253911696
mp-865951,0.44,0.18626775,0.25373225
mp-570826,0.58,0.32651496,0.25348503999999994
mp-861933,0.56,0.30682755,0.25317245000000005
mp-863734,0.52,0.26700842,0.25299158
mp-1029474,0.22,0.47281456,0.25281456
mp-15051,0.35,0.09749772,0.25250227999999997
mp-20563,0.28,0.027743861,0.25225613900000005
mp-865964,0.07,0.3222167,0.2522167
mp-21449,0.29,0.037939742,0.252060258
mp-7632,0.33,0.07870905,0.25129095
mp-14815,0.26,0.008840218,0.251159782
mp-2151,0.29,0.03885661,0.25114338999999997
mp-18854,0.19,0.44079906,0.25079906
mp-972845,0.28,0.5307147,0.25071469999999996
mp-1038975,0.53,0.27943963,0.25056037000000003
mp-4779,0.12,0.37007576,0.25007576
mp-31136,0.25,-4.5478344e-05,0.250045478344
mp-2391,0.35,0.59958124,0.24958124000000004
mp-22390,0.31,0.061013028,0.248986972
mp-568598,0.29,0.538171,0.24817099999999997
mp-978507,0.26,0.5081666,0.24816660000000001
mp-761524,0.3,0.052281544,0.24771845599999998
mp-1285,0.31,0.06228347,0.24771653
mp-862589,0.24,0.48767704,0.24767704000000001
mp-8468,0.39,0.14253052,0.24746948000000002
mp-30789,0.41,0.65736026,0.24736026000000005
mp-756187,0.27,0.02275984,0.24724016000000001
mp-569128,0.18,0.42637765,0.24637765
mp-604321,0.34,0.58636373,0.24636372999999995
mp-32311,0.15,0.396074,0.246074
mp-567597,0.36,0.113968685,0.24603131499999997
mp-976229,0.34,0.09431349,0.24568651000000002
mp-1018032,0.3,0.0547425,0.2452575
mp-626620,0.29,0.5351838,0.2451838
mp-22304,0.26,0.50495636,0.24495635999999998
mp-862604,0.27,0.51453865,0.24453864999999997
mp-715262,0.34,0.0955296,0.24447040000000003
mp-768,0.19,0.43435448,0.24435447999999999
mp-1371,0.33,0.08570488,0.24429512000000003
mp-8630,0.25,0.005954519,0.244045481
mp-86,0.24,-0.0038236529,0.2438236529
mp-1029531,0.29,0.53377455,0.24377454999999998
mp-976982,0.42,0.1762255,0.24377449999999998
mp-15642,0.19,0.43359715,0.24359714999999998
mp-12701,0.27,0.026740327,0.243259673
mp-20102,0.34,0.09743537,0.24256463000000003
mp-9835,0.23,-0.012138665,0.242138665
mp-1025338,0.33,0.5721049,0.2421049
mp-973141,0.35,0.10801707,0.24198292999999998
mp-865218,0.24,-0.0019359887,0.2419359887
mp-972985,0.3,0.05814527,0.24185473
mp-1018150,0.2,-0.041593745,0.24159374500000003
mp-775761,0.39,0.14873223,0.24126777000000002
mp-866103,0.32,0.07879926,0.24120074000000002
mp-865660,0.31,0.5511176,0.2411176
mp-8280,0.21,0.4511037,0.2411037
mp-30848,0.35,0.109029904,0.24097009599999997
mp-540284,0.15,0.39093113,0.24093113000000002
mp-2589,0.23,-0.010807022,0.240807022
mp-675766,0.32,0.07927351,0.24072649000000002
mp-569170,0.26,0.019665226,0.240334774
mp-5798,0.24,-0.0002079755,0.2402079755
mp-20207,0.37,0.6101344,0.24013439999999997
mp-31072,0.5,0.25996464,0.24003535999999998
mp-1474,0.21,-0.029938444,0.239938444
mp-21476,0.34,0.100457475,0.239542525
mp-28339,0.3,0.060704663,0.239295337
mp-1013546,0.23,-0.009164229,0.239164229
mp-984718,0.14,-0.09912937,0.23912937
mp-1014168,0.31,0.54908186,0.23908186000000003
mp-865183,0.46,0.22093363,0.23906637000000003
mp-978798,0.38,0.14103155,0.23896845
mp-567504,0.32,0.08158718,0.23841282000000003
mp-999139,0.27,0.032012418,0.23798758200000003
mp-13798,0.18,0.41780585,0.23780584999999999
mp-861867,0.3,0.5376889,0.23768890000000004
mp-2781,0.35,0.11252855,0.23747144999999997
mp-978256,0.37,0.6067425,0.23674249999999997
mp-1429,0.37,0.1333748,0.2366252
mp-862555,0.23,0.4662665,0.23626649999999996
mp-866037,0.37,0.13413154,0.23586846
mp-980001,0.28,0.51582617,0.23582616999999995
mp-571263,0.24,0.47580558,0.23580558000000001
mp-3803,0.25,0.014313355,0.235686645
mp-20487,0.35,0.1144249,0.23557509999999998
mp-23247,0.2,0.435422,0.23542199999999996
mp-1025264,0.28,0.04470347,0.23529653000000003
mp-638729,0.31,0.5451399,0.2351399
mp-976125,0.59,0.35498554,0.23501445999999998
mp-30954,0.11,0.34402514,0.23402514000000002
mp-644751,0.21,0.44400746,0.23400746000000003
mp-862871,0.37,0.6038012,0.23380120000000004
mp-7159,0.24,0.0062042475,0.23379575249999998
mp-771,0.26,0.49378812,0.23378812
mvc-3988,0.33,0.096257314,0.23374268600000003
mp-3519,0.33,0.096471444,0.233528556
mp-29484,0.29,0.5233039,0.23330390000000006
mp-19407,0.31,0.076861694,0.23313830600000002
mp-10069,0.23,0.46302122,0.23302122
mp-4384,0.22,-0.012642875,0.232642875
mp-3524,0.22,0.4525391,0.23253910000000003
mp-4252,0.22,-0.01244317,0.23244317
mp-10113,0.28,0.04776828,0.23223172000000003
mp-865159,0.24,0.47222,0.23221999999999998
mp-1186,0.21,0.44195622,0.23195622000000002
mp-674,0.35,0.58179075,0.23179075000000005
mp-752426,0.23,-0.0012009591,0.23120095910000002
mp-10271,0.28,0.048837617,0.23116238300000003
mp-348,0.35,0.11921589,0.23078411
mp-862986,0.26,0.4906609,0.2306609
mp-20395,0.32,0.08976667,0.23023333
mp-867356,0.25,0.48006344,0.23006344
mp-10675,0.37,0.59995127,0.22995127000000004
mp-570409,0.18,0.4099384,0.2299384
mp-1025286,0.35,0.57975525,0.22975525000000008
mp-16035,0.27,0.040289685,0.22971031500000003
mp-998897,0.06,0.28966802,0.22966802000000003
mp-13240,0.28,0.050333366,0.22966663400000004
mp-760414,0.38,0.60955787,0.22955786999999994
mp-21425,0.3,0.07066582,0.22933418
mp-864747,0.46,0.23075868,0.22924132000000003
mp-1018012,0.35,0.12078236,0.22921763999999997
mp-29624,0.23,0.001038909,0.228961091
mp-571143,0.28,0.051124975,0.228875025
mp-770690,0.32,0.09131421,0.22868579
mp-22313,0.33,0.101482555,0.228517445
mp-2720,0.31,0.08170508,0.22829492
mp-32536,0.16,0.38738292,0.22738292000000002
mp-864857,0.36,0.13341264,0.22658736
mp-1029251,0.27,0.0437939,0.22620610000000002
mp-999490,0.2,-0.026020572,0.226020572
mp-570769,0.31,0.08403693,0.22596307
mp-861645,0.26,0.034111187,0.22588881300000002
mp-1014265,0.28,0.5056,0.22560000000000002
mp-552802,0.29,0.06462304,0.22537695999999996
mp-22958,0.23,0.005076483,0.22492351700000002
mp-40793,0.31,0.5343735,0.22437349999999995
mp-419,0.26,0.036557898,0.223442102
mp-2491,0.37,0.59341854,0.22341854000000005
mp-862712,0.3,0.07687272,0.22312727999999998
mp-998234,0.33,0.107338175,0.22266182500000004
mp-718,0.34,0.5625447,0.22254469999999998
mp-1025274,0.22,0.44233793,0.22233793
mp-862977,0.39,0.16859661,0.22140339
mp-6794,0.38,0.15876333,0.22123667
mp-5929,0.26,0.03889428,0.22110572
mp-1018656,0.19,0.41110075,0.22110075
mp-6766,0.24,0.01891616,0.22108383999999998
mp-551092,0.25,0.028979048,0.221020952
mp-19968,0.24,0.4609396,0.2209396
mp-555434,0.28,0.05930777,0.22069223000000002
mp-15963,0.31,0.53043485,0.22043485000000002
mp-7041,0.4,0.1797411,0.22025890000000004
mp-10969,0.37,0.14978029,0.22021970999999999
mp-2557,0.28,0.500037,0.22003699999999993
mp-1029799,0.3,0.51953465,0.21953465
mp-4842,0.27,0.05082728,0.21917272000000002
mp-1979,0.33,0.5484921,0.21849210000000002
mp-20913,0.35,0.13162886,0.21837114
mp-4343,0.26,0.47817725,0.21817725
mp-23171,0.26,0.47803414,0.21803414
mp-4056,0.26,0.042327687,0.217672313
mp-38843,0.24,0.022611693,0.217388307
mp-20856,0.2,0.417257,0.21725699999999998
mp-22889,0.21,-0.006770253,0.216770253
mp-567695,0.38,0.1632825,0.2167175
mp-1211,0.3,0.5167102,0.21671020000000002
mp-568002,0.31,0.526516,0.216516
mp-30580,0.29,0.07480325,0.21519675
mp-999460,0.24,0.0253077,0.2146923
mp-4541,0.29,0.075503066,0.21449693399999997
mp-976893,0.32,0.5344237,0.21442369999999994
mp-21139,-0.06,0.15367688,0.21367687999999999
mp-11283,0.16,0.37366086,0.21366085999999998
mp-12070,0.38,0.16651626,0.21348374
mp-31363,0.34,0.5534596,0.21345960000000003
mp-20064,0.19,-0.023373812,0.213373812
mp-867862,0.5,0.2867087,0.21329130000000002
mp-7885,0.34,0.12697814,0.21302186000000004
mp-999502,0.29,0.07701667,0.21298332999999997
mp-8311,0.26,0.4728228,0.21282279999999998
mp-560530,0.33,0.11773507,0.21226493000000002
mp-866139,0.34,0.12777041,0.21222959000000002
mp-5676,0.38,0.16796683,0.21203317
mp-1016846,0.4,0.18818896,0.21181104000000003
mp-3701,0.22,0.00832738,0.21167262
mp-570437,0.27,0.05840765,0.21159235
mp-9819,0.44,0.22874497,0.21125503
mp-755483,0.28,0.49118632,0.21118631999999998
mp-1013911,0.34,0.12904327,0.21095673000000004
mp-777047,0.32,0.10905923,0.21094077
mp-504741,0.29,0.07966684,0.21033315999999996
mp-20990,0.21,0.4202438,0.2102438
mp-779517,0.25,0.03985788,0.21014212
mp-5767,0.31,0.10012604,0.20987396
mp-505368,0.28,0.070193216,0.20980678400000002
mp-24205,0.09,0.29979783,0.20979783
mp-573321,0.28,0.07030441,0.20969559000000004
mp-19284,0.37,0.16032355,0.20967645
mp-542103,0.33,0.12035929,0.20964071
mp-16366,0.46,0.25064313,0.20935687000000003
mp-2991,0.27,0.47932136,0.20932135999999996
mp-2910,0.32,0.11096956,0.20903044
mp-4969,0.28,0.071049735,0.20895026500000002
mp-3589,0.12,0.32892072,0.20892072
mp-7913,0.17,0.3785736,0.2085736
mp-12388,0.22,0.4284032,0.20840319999999998
mp-1017549,0.2,0.40833402,0.20833402
mp-15702,0.25,0.041696385,0.208303615
mp-29463,0.22,0.011797264,0.208202736
mp-24286,0.4,0.1918811,0.20811890000000002
mp-642855,0.45,0.6578777,0.2078777
mp-5078,0.34,0.13241269,0.20758731000000002
mp-11694,0.34,0.54688555,0.20688555000000003
mp-14223,0.45,0.24319367,0.20680633
mp-571160,0.36,0.15335216,0.20664784
mp-560963,0.14,0.34645098,0.20645098
mp-504908,0.32,0.11372565,0.20627435
mp-16548,0.34,0.1339644,0.2060356
mp-973123,0.42,0.21401344,0.20598655999999999
mp-947,0.41,0.6158434,0.20584340000000007
mp-1019108,0.3,0.094237134,0.205762866
mp-10960,0.31,0.5155831,0.20558309999999996
mp-27834,0.29,0.4954933,0.20549330000000005
mp-7493,0.29,0.08459352,0.20540647999999997
mp-569298,0.26,0.055061653,0.20493834700000002
mp-755465,0.34,0.1351792,0.20482080000000003
mp-4876,0.31,0.51478225,0.20478225
mp-973174,0.35,0.5547732,0.2047732
mp-1025282,0.24,0.44467467,0.20467467
mp-5663,0.3,0.09540565,0.20459434999999998
mp-12108,0.3,0.5040761,0.20407610000000004
mp-20257,0.36,0.15607165,0.20392834999999998
mp-11519,0.44,0.23653634,0.20346366
mp-865940,0.57,0.36664158,0.20335841999999993
mp-753197,0.32,0.11665957,0.20334043000000002
mp-23703,0.08,0.28312975,0.20312975
mp-19052,0.35,0.55280656,0.20280655999999997
mp-1017591,0.26,0.057207003,0.202792997
mp-11011,0.25,0.047871336,0.202128664
mp-7604,0.2,-0.0018590093,0.2018590093
mp-556084,0.3,0.09815021,0.20184978999999997
mp-20554,0.36,0.5616752,0.20167520000000005
mp-1403,0.29,0.088410065,0.201589935
mp-4200,0.28,0.07850234,0.20149766000000002
mp-996992,0.31,0.10875712,0.20124288
mp-2693,0.26,0.46103948,0.20103948
mp-1013529,0.05,0.25089335,0.20089335000000003
mp-865806,0.38,0.18020917,0.19979083
mp-867780,0.19,0.38978142,0.19978142
mp-11228,0.26,0.45976776,0.19976776000000002
mp-20928,0.23,0.030663446,0.199336554
mp-12931,0.3,0.10080023,0.19919977
mp-752730,0.3,0.10091196,0.19908804
mp-11481,0.26,0.061339542,0.198660458
mp-13444,0.3,0.101874396,0.19812560399999998
mp-603694,0.25,0.4474879,0.1974879
mp-864798,0.32,0.51740235,0.19740235
mp-12600,0.33,0.5274015,0.19740149999999995
mp-11520,0.25,0.44730288,0.19730288
mp-675902,0.3,0.49718535,0.19718535000000004
mp-380,0.29,0.48644996,0.19644996000000003
mp-7474,0.39,0.1935625,0.19643750000000001
mp-20887,0.27,0.07361768,0.19638232
mp-1025176,0.33,0.13445325,0.19554675000000002
mp-20180,0.29,0.09482904,0.19517095999999998
mp-1008785,0.23,0.42508936,0.19508936000000002
mp-1025237,0.23,0.42495078,0.19495077999999996
mp-865212,0.26,0.45432037,0.19432036999999996
mp-1025302,0.37,0.17609613,0.19390387
mp-571193,0.17,0.3638186,0.19381859999999998
mp-13053,0.24,0.04651849,0.19348151
mp-865661,0.54,0.34665668,0.19334332000000004
mp-753669,0.24,0.046959236,0.19304076399999998
mp-4720,0.34,0.53291905,0.19291904999999993
mp-19060,0.24,0.43275195,0.19275195
mp-569511,0.36,0.16741101,0.19258899
mp-568430,0.36,0.16805817,0.19194182999999998
mp-863717,0.15,0.34165508,0.19165508
mp-19417,0.37,0.56160635,0.19160635000000004
mp-1039019,0.28,0.4715926,0.19159259999999995
mp-27821,0.25,0.44156516,0.19156516
mp-10092,0.34,0.14851977,0.19148023000000003
mp-558747,0.31,0.118588015,0.191411985
mp-865484,0.31,0.119109765,0.190890235
mvc-12866,0.59,0.39914465,0.19085534999999998
mp-13160,0.21,0.40019584,0.19019584000000003
mp-865920,0.25,0.43970925,0.18970925
mp-3804,0.21,0.3995605,0.1895605
mp-583,0.28,0.09067194,0.18932806000000002
mp-32570,0.26,0.070787296,0.189212704
mp-2510,0.39,0.2008029,0.1891971
mp-15694,0.29,0.10101764,0.18898235999999996
mp-505212,0.38,0.568878,0.188878
mp-865659,0.33,0.51878107,0.18878106999999994
mp-978823,0.28,0.4687528,0.1887528
mp-30357,0.3,0.488644,0.18864400000000003
mp-28592,0.23,0.041533515,0.18846648500000002
mp-979712,0.31,0.49839765,0.18839765000000003
mp-1127,0.31,0.12168737,0.18831262999999998
mp-8090,0.25,0.06182687,0.18817313
mp-568584,0.33,0.5178351,0.18783509999999998
mp-12008,0.26,0.07226606,0.18773394000000002
mp-12647,0.32,0.13245897,0.18754103
mp-31219,0.3,0.11254443,0.18745557
mp-552016,0.32,0.13330339,0.18669661
mp-22312,0.31,0.12363483,0.18636517
mp-2065,0.22,0.03374456,0.18625544
mp-754238,0.27,0.08405702,0.18594298000000004
mp-3799,0.26,0.07407431,0.18592569
mp-983388,0.32,0.13409911,0.18590089
mp-16371,0.26,0.44586807,0.18586807
mp-31516,0.32,0.13445236,0.18554764
mp-11959,0.29,0.10447042,0.18552957999999997
mp-862311,0.35,0.16482045,0.18517954999999997
mp-999120,0.25,0.06484197,0.18515803
mp-12118,0.43,0.24489252,0.18510748
mp-35785,0.34,0.15493988,0.18506012000000002
mp-866073,0.34,0.1549462,0.18505380000000002
mp-30047,0.25,0.06509124,0.18490876
mp-8943,0.3,0.4843604,0.18436040000000004
mp-19147,0.27,0.08594899,0.18405101000000001
mp-972869,0.32,0.13609175,0.18390825
mp-505517,0.25,0.066119716,0.183880284
mp-20206,0.25,0.4337986,0.18379859999999998
mp-9295,0.22,0.036543712,0.183456288
mp-754113,0.26,0.0766301,0.1833699
mp-862319,0.35,0.16673677,0.18326322999999997
mp-22508,0.26,0.07689224,0.18310776
mp-2706,0.17,-0.012640864,0.182640864
mp-27507,0.31,0.12793891,0.18206109
mp-1400,0.32,0.5020593,0.18205929999999998
mp-8499,0.31,0.12808086,0.18191914
mp-1101,0.22,0.40179068,0.18179068
mp-866296,0.49,0.30827886,0.18172114
mp-569446,0.31,0.4912762,0.1812762
mp-20814,0.24,0.058911964,0.181088036
mp-1017534,0.34,0.5210068,0.18100679999999997
mp-1009129,0.35,0.16907679,0.18092320999999997
mp-556225,0.35,0.16921483,0.18078516999999997
mp-1029741,0.26,0.079364404,0.180635596
mp-15704,0.2,0.3805216,0.1805216
mp-10214,0.35,0.16958378,0.18041622
mp-978088,0.25,0.43025815,0.18025815
mp-12798,0.31,0.49010593,0.18010593000000003
mp-989540,0.05,0.23006754,0.18006753999999997
mp-7785,0.32,0.14001699,0.17998301
mp-1016837,0.38,0.20012031,0.17987969
mp-7092,0.22,0.3996895,0.17968949999999997
mp-570744,0.23,0.4091454,0.17914539999999998
mp-570747,0.21,0.031024665,0.17897533499999999
mp-7921,0.17,-0.00872916,0.17872916
mp-1014219,0.31,0.48866016,0.17866016
mp-15789,0.24,0.061467215,0.178532785
mp-7443,0.25,0.42842644,0.17842644000000002
mp-10857,0.23,0.051889285,0.178110715
mp-13138,0.34,0.51796556,0.17796556000000002
mp-30403,0.21,0.3878712,0.17787120000000003
mp-21164,0.37,0.19234665,0.17765335
mp-160,0.14,0.31765288,0.17765288
mp-971951,0.45,0.27294528,0.17705472
mp-1185,0.24,0.4166093,0.17660930000000002
mp-982870,0.23,0.40658838,0.17658838000000002
mp-1025285,0.29,0.1136073,0.17639269999999999
mp-571264,0.33,0.50638086,0.17638086000000003
mp-3762,0.23,0.054140493,0.17585950700000003
mp-9690,0.29,0.114256725,0.17574327499999998
mp-867279,0.51,0.33436108,0.17563892000000003
mp-973402,0.45,0.625467,0.17546699999999998
mp-547125,0.32,0.14454965,0.17545035
mp-977372,0.37,0.19486599,0.17513401
mp-865424,0.27,0.09527834,0.17472166
mp-30875,0.28,0.45424098,0.17424098
mp-19896,0.3,0.12585549,0.17414451
mp-2179,0.36,0.53396577,0.17396577000000002
mp-8175,0.36,0.18620722,0.17379277999999998
mp-22151,0.35,0.17638274,0.17361725999999997
mp-3301,0.32,0.14660655,0.17339345
mvc-13303,0.35,0.17673706,0.17326293999999998
mp-754483,0.26,0.086814746,0.173185254
mp-776250,0.31,0.13700382,0.17299618
mp-2150,0.27,0.097202525,0.17279747500000003
mp-11259,0.37,0.542577,0.17257699999999998
mp-864877,0.3,0.47245997,0.17245997000000002
mp-1913,0.31,0.13792233,0.17207767
mp-7359,0.23,0.40201074,0.17201073999999997
mp-996987,0.28,0.108161256,0.17183874400000004
mp-1219,0.22,0.048308715,0.171691285
mp-22287,0.32,0.14841096,0.17158904
mp-8256,0.23,0.058440015,0.17155998500000003
mp-10736,0.31,0.480743,0.17074299999999998
mp-604908,0.24,0.41070133,0.17070132999999998
mp-556911,0.35,0.17938487,0.17061512999999998
mp-571467,0.35,0.5205316,0.1705316
mp-569152,0.21,0.039549783,0.170450217
mp-555223,0.37,0.19968678,0.17031322
mp-4022,0.24,0.0697466,0.1702534
mp-1547,0.3,0.4702435,0.1702435
mp-551900,0.29,0.11986683,0.17013317
mp-13801,0.29,0.12005894,0.16994105999999998
mp-18918,0.33,0.16010545,0.16989455
mp-16523,0.36,0.1906045,0.16939549999999998
mp-9850,0.23,0.39931554,0.16931554000000001
mp-569628,0.34,0.17084815,0.16915185000000002
mp-865747,0.2,0.36912006,0.16912006000000002
mp-7882,0.38,0.21095665,0.16904335
mp-17695,0.21,0.37904167,0.16904167
mp-864639,0.31,0.14109276,0.16890724
mp-989560,0.33,0.498823,0.168823
mp-6498,0.3,0.13131021,0.16868978999999998
mp-2495,0.32,0.15131934,0.16868066
mp-867921,0.36,0.5285407,0.1685407
mp-11917,0.15,0.31782377,0.16782377
mp-12814,0.32,0.4875335,0.1675335
mp-976239,0.24,0.40748775,0.16748775
mp-974638,0.35,0.18275975,0.16724024999999998
mp-9592,0.26,0.4271617,0.16716169999999997
mp-888,0.25,0.4169932,0.1669932
mp-10133,0.18,0.34694463,0.16694462999999998
mp-1825,0.33,0.16319491,0.16680509000000002
mp-983539,0.4,0.5666591,0.16665909999999995
mp-22229,0.27,0.1035748,0.16642520000000002
mp-1321,0.3,0.13359691,0.16640308999999998
mp-1029782,0.31,0.47639447,0.16639447000000002
mp-1016851,0.34,0.17370988,0.16629012
mp-8612,0.22,0.054042682,0.165957318
mp-22787,0.28,0.11420943,0.16579057000000003
mp-865280,0.26,0.4254495,0.16544949999999997
mp-4901,0.37,0.20480748,0.16519252
mp-1009217,0.34,0.17491154,0.16508846000000002
mp-867330,0.26,0.42451733,0.16451733000000002
mp-2478,0.18,0.34405673,0.16405672999999998
mp-1306,0.31,0.47400123,0.16400123
mp-11192,0.19,0.35375434,0.16375434
mp-989527,0.57,0.40663618,0.16336381999999994
mp-1018048,0.24,0.07665591,0.16334409
mp-1039208,0.35,0.18738653,0.16261346999999998
mp-21336,0.27,0.107612655,0.16238734500000002
mp-769673,0.42,0.25811845,0.16188154999999999
mp-2793,0.25,0.41174644,0.16174644
mp-1589,0.34,0.5017293,0.16172930000000002
mp-11661,0.26,0.09844838,0.16155162
mp-22253,0.3,0.13846652,0.16153347999999998
mp-979427,0.32,0.4814399,0.16143989999999997
mp-31498,0.33,0.49143642,0.16143641999999997
mp-13459,0.28,0.11870067,0.16129933000000002
mp-35777,0.28,0.11907281,0.16092719000000003
mp-983430,0.43,0.2694751,0.16052489999999997
mp-20384,0.28,0.11952864,0.16047136
mp-11508,0.2,0.36022252,0.16022251999999998
mp-571554,0.27,0.10985683,0.16014317
mp-28319,0.15,0.30947846,0.15947846000000002
mp-22904,0.32,0.4794094,0.15940939999999998
mp-558432,0.28,0.43921334,0.15921333999999998
mp-568917,0.34,0.49910766,0.15910765999999998
mp-11178,0.27,0.110899195,0.159100805
mp-1024963,0.34,0.18094788,0.15905212000000002
mp-622497,0.3,0.14109404,0.15890595999999998
mp-979419,0.25,0.40888137,0.15888137000000002
mp-2593,0.29,0.4487989,0.15879890000000002
mp-7283,0.16,0.31872207,0.15872207000000002
mp-3693,0.47,0.31129175,0.15870825
mp-996981,0.41,0.2513591,0.15864089999999997
mp-981384,0.37,0.5283871,0.1583871
mp-19317,0.35,0.1916189,0.15838109999999997
mp-1038,0.32,0.16185032,0.15814968000000001
mp-10200,0.17,0.32807106,0.15807106
mp-1608,0.43,0.5880447,0.15804469999999998
mp-1025315,0.29,0.4477858,0.15778580000000003
mp-567636,0.33,0.48766875,0.15766874999999997
mvc-3769,0.36,0.20253871,0.15746128999999998
mp-21242,0.15,0.30700105,0.15700105
mp-30444,0.09,0.24677454,0.15677454
mp-11736,0.3,0.1434956,0.1565044
mp-9721,0.13,-0.026358739,0.156358739
mp-867894,0.25,0.40582925,0.15582924999999997
mp-3000,0.29,0.13420738,0.15579262
mp-19219,0.28,0.12452392,0.15547608000000002
mp-809,0.36,0.20458268,0.15541732
mp-31038,0.24,0.39535892,0.15535892
mp-20698,0.27,0.114865705,0.15513429500000003
mp-759943,0.26,0.104916975,0.155083025
mp-6919,0.3,0.1452273,0.15477269999999999
mp-33104,0.28,0.12522946,0.15477054000000004
mp-30849,0.35,0.1954033,0.15459669999999998
mp-21038,0.28,0.43452877,0.15452876999999998
mp-865469,0.31,0.15567084,0.15432916
mp-675464,0.36,0.20597966,0.15402033999999998
mp-12006,0.33,0.17611404,0.15388596000000002
mp-2808,0.45,0.29619688,0.15380312000000002
mp-31093,0.24,0.086229846,0.153770154
mp-999076,0.36,0.5137132,0.1537132
mp-16648,0.24,0.08646749,0.15353251
mp-568106,0.32,0.16655658,0.15344342
mp-1910,0.31,0.4630009,0.1530009
mp-30595,0.34,0.18708543,0.15291457000000003
mp-4992,0.24,0.08768366,0.15231634
mp-675349,0.3,0.45207852,0.15207852
mp-15661,0.25,0.40191883,0.15191883
mp-973465,0.29,0.44182652,0.15182652000000002
mp-17095,0.22,0.37155777,0.15155777
mp-648,0.24,0.088468865,0.15153113499999998
mp-865530,0.39,0.23858483,0.15141517000000002
mp-1008625,0.28,0.12873586,0.15126414000000002
mp-641365,0.33,0.17889576,0.15110424000000003
mp-999336,0.34,0.49108678,0.15108677999999998
mp-11091,0.35,0.19907723,0.15092276999999998
mp-977057,0.2,0.049127057,0.150872943
mp-996996,0.33,0.17922367,0.15077633000000001
mp-1024067,0.3,0.14933486,0.15066513999999998
mp-1018633,0.5,0.34940177,0.15059823
mp-7979,0.33,0.17946647,0.15053353000000003
mp-974325,0.24,0.39046913,0.15046913
mp-863668,0.35,0.19982736,0.15017263999999997
mp-7104,0.34,0.19006808,0.14993192000000002
mp-10025,0.32,0.17017312,0.14982688
mp-865373,0.32,0.46974266,0.14974265999999997
mp-2025,0.15,0.2993582,0.14935820000000002
mp-550172,0.29,0.1407787,0.14922129999999997
mp-19807,0.26,0.40887612,0.14887612
mp-1798,0.19,0.041607365,0.148392635
mp-2091,0.19,0.3382104,0.14821040000000002
mp-865210,0.25,0.10181366,0.14818634
mp-862288,0.37,0.22209267,0.14790733
mp-1025420,0.26,0.11242722,0.14757278000000001
mp-8978,0.36,0.21249421,0.14750579
mp-22662,0.34,0.19265907,0.14734093000000004
mp-505071,0.39,0.24274854,0.14725146
mp-452,0.21,0.062825724,0.147174276
mp-863727,0.32,0.4668134,0.14681339999999998
mp-3015,0.22,0.36678547,0.14678547
mp-30443,0.19,0.33673233,0.14673233000000002
mp-865523,0.33,0.47658956,0.14658956
mp-2458,0.26,0.4065581,0.14655809999999997
mp-22232,0.29,0.43640453,0.14640453000000003
mp-1001826,0.45,0.59631073,0.14631073
mp-19384,0.27,0.41620386,0.14620385999999996
mp-5951,0.31,0.16392095,0.14607905
mp-30459,0.25,0.3959139,0.14591389999999999
mp-864745,0.32,0.1740921,0.1459079
mp-16321,0.22,0.36588895,0.14588895
mp-30080,0.54,0.3941217,0.14587830000000002
mp-755974,0.34,0.19423603,0.14576397000000002
mp-581754,0.28,0.13425745,0.14574255000000003
mp-6628,0.31,0.16457598,0.14542402
mp-770107,0.36,0.2146229,0.14537709999999998
mp-505332,0.25,0.10488872,0.14511128
mp-865531,0.27,0.1251127,0.14488730000000002
mp-11824,0.17,0.31471366,0.14471366
mp-865805,0.33,0.18551676,0.14448324
mp-22701,0.31,0.16555406,0.14444594
mp-569,0.38,0.23568518,0.14431482
mp-3385,0.3,0.15570222,0.14429778
mp-863704,0.3,0.15579148,0.14420851999999998
mp-9069,0.18,0.3238824,0.14388240000000002
mp-13498,0.28,0.13642977,0.14357023000000002
mp-14070,0.3,0.1567549,0.1432451
mp-861961,0.31,0.45319384,0.14319384000000002
mp-18895,0.29,0.14704506,0.14295493999999997
mp-36194,0.33,0.47279269,0.14279269
mp-10469,0.33,0.18744831,0.14255169
mp-557938,0.31,0.16765277,0.14234723
mp-1019380,0.22,0.36215538,0.14215538000000003
mp-866178,0.23,0.3721401,0.14214009999999996
mp-977440,0.4,0.257886,0.14211400000000002
mp-10118,0.21,0.35206276,0.14206275999999998
mp-864669,0.36,0.50192875,0.14192875000000005
mp-542172,0.16,0.30168086,0.14168086
mp-2098,0.47,0.3283465,0.1416535
mp-675531,0.15,0.008395478,0.14160452199999998
mp-35143,0.38,0.2384816,0.14151840000000002
mp-784630,0.32,0.17848907,0.14151093
mp-11393,0.26,0.11856462,0.14143538
mp-12908,0.36,0.50139517,0.14139517000000001
mp-2121,0.17,0.3113867,0.1413867
mp-567240,0.27,0.12895225,0.14104775000000003
mp-865179,0.29,0.43098694,0.14098694
mp-569017,0.26,0.11913918,0.14086082
mp-19292,0.28,0.42068768,0.14068767999999998
mp-684768,0.3,0.44048738,0.14048738
mp-23752,0.18,0.32041442,0.14041441999999998
mp-567276,0.41,0.26965386,0.14034613999999995
mp-9527,0.22,0.36030978,0.14030978000000002
mp-22801,0.29,0.43015093,0.14015093
mp-15805,0.26,0.40013814,0.14013813999999997
mp-753306,0.22,0.079914555,0.140085445
mp-755570,0.37,0.23039417,0.13960583
mp-2000,0.34,0.20043199,0.13956801000000002
mp-569568,0.21,0.070505545,0.139494455
mp-640708,0.27,0.40921795,0.13921794999999998
mp-553896,0.32,0.4591092,0.1391092
mp-989504,0.2,0.3390929,0.13909289999999996
mp-9056,-0.03,0.10907464,0.13907464
mp-541989,0.31,0.1709371,0.1390629
mp-2316,0.23,0.36901385,0.13901384999999997
mp-989388,0.06,0.19880815,0.13880815
mp-675120,0.29,0.4286822,0.13868220000000003
mp-11719,0.27,0.13142838,0.13857162
mp-862662,0.25,0.3885029,0.13850289999999998
mp-9964,0.36,0.49849015,0.13849015000000003
mp-10894,0.28,0.4184842,0.13848419999999995
mp-8860,0.29,0.15161805,0.13838194999999998
mp-758302,0.39,0.528346,0.13834599999999997
mp-983428,0.33,0.19181241,0.13818759000000003
mp-1009833,0.51,0.6481743,0.13817429999999997
mp-19080,0.32,0.1819923,0.1380077
mp-6008,0.24,0.37795675,0.13795675000000002
mp-401,0.23,0.09224619,0.13775381
mp-6754,0.33,0.19241022,0.13758978000000002
mp-571636,0.29,0.42756557,0.13756557000000003
mp-862928,0.4,0.26258463,0.13741537000000004
mp-510657,0.47,0.3326143,0.1373857
mp-29076,0.27,0.4073618,0.13736179999999998
mp-971922,0.27,0.40731126,0.13731126
mp-865152,0.37,0.23288892,0.13711108
mp-988,0.28,0.4168843,0.13688429999999996
mp-676861,0.25,0.113174185,0.13682581500000002
mp-865716,0.32,0.45657408,0.13657408
mp-3689,0.31,0.17358868,0.13641132
mp-761716,0.32,0.45621568,0.13621568
mp-7770,0.24,0.10386352,0.13613648
mp-556605,0.29,0.15394734,0.13605266
mp-1025565,0.32,0.4559195,0.13591949999999997
mp-571053,0.21,0.07432406,0.13567594
mp-1342,0.27,0.13438962,0.13561038000000003
mp-12065,0.37,0.50559735,0.13559734999999995
mp-865859,0.28,0.41535574,0.13535573999999995
mp-1024983,0.33,0.19475205,0.13524795
mp-977401,0.27,0.40499878,0.13499877999999998
mp-9195,0.35,0.21502922,0.13497077999999998
mp-19009,0.35,0.48481876,0.13481876000000004
mp-1025799,0.28,0.1453483,0.1346517
mp-30536,0.25,0.38457888,0.13457888
mp-626708,0.29,0.4243524,0.13435240000000004
mp-8896,0.27,0.13580032,0.13419968000000002
mp-961726,0.56,0.42592734,0.13407266000000007
mp-1018653,0.04,0.1739005,0.1339005
mp-8285,0.36,0.226252,0.13374799999999998
mp-17092,0.29,0.42371768,0.13371768
mp-2459,0.31,0.1763695,0.13363049999999999
mp-5372,0.31,0.17649157,0.13350843
mp-5167,0.31,0.17677243,0.13322757
mp-973771,0.44,0.30677336,0.13322664
mp-7437,0.21,0.3430392,0.1330392
mp-2154,0.23,0.36293465,0.13293465000000002
mp-13312,0.27,0.13720857,0.13279143000000002
mp-979,0.24,0.107292786,0.132707214
mp-972549,0.23,0.3626799,0.1326799
mp-756095,0.33,0.19739132,0.13260868
mp-7486,0.29,0.15745468,0.13254531999999997
mp-334,0.33,0.46252692,0.13252692
mp-27296,0.36,0.22751696,0.13248304
mp-998344,0.32,0.18761699,0.13238301
mp-21382,0.26,0.3922946,0.13229459999999998
mp-10905,0.29,0.4222924,0.13229240000000003
mp-571594,0.28,0.41228992,0.13228991999999995
mp-625998,0.33,0.46226245,0.13226244999999998
mp-985806,0.3,0.43218273,0.13218273000000003
mp-999067,0.35,0.21802332,0.13197667999999999
mp-864924,0.32,0.18840326,0.13159674000000002
mp-1567,0.34,0.47130042,0.13130041999999997
mp-13641,0.35,0.48112607,0.13112607000000004
mp-21260,0.27,0.13891836,0.13108164000000003
mp-978515,0.27,0.40090686,0.13090685999999996
mp-866071,0.31,0.17919578,0.13080422
mp-20290,0.2,0.33067745,0.13067744999999997
mp-984699,0.32,0.45065135,0.13065135
mp-1025010,0.17,0.039371654,0.130628346
mp-12772,0.29,0.15968238,0.13031761999999997
mp-550433,0.28,0.41027576,0.13027575999999996
mp-6968,0.32,0.45026386,0.13026386
mp-863740,0.36,0.22976856,0.13023143999999998
mp-2822,0.37,0.23982905,0.13017095
mp-30528,0.34,0.2100356,0.12996440000000004
mp-1802,0.25,0.12011124,0.12988876
mp-927,0.26,0.38986534,0.12986534
mp-972640,0.3,0.42986077,0.12986077000000001
mp-2159,0.36,0.489618,0.129618
mp-866159,0.31,0.18039934,0.12960066
mp-862815,0.46,0.33047873,0.12952127000000002
mp-865710,0.52,0.3905846,0.1294154
mp-3197,0.32,0.4492874,0.1292874
mp-29658,0.31,0.43906307,0.12906307
mp-31703,0.17,0.29880613,0.12880613
mp-1385,0.29,0.16164447,0.12835552999999997
mp-30244,0.24,0.3682555,0.12825550000000002
mp-1025030,0.33,0.2018211,0.1281789
mp-7926,0.25,0.37797022,0.12797022000000002
mp-978987,0.29,0.4179557,0.1279557
mp-977562,0.54,0.4122752,0.12772480000000003
mp-8623,0.3,0.17245333,0.12754667
mp-2653,0.12,-0.0072914064,0.1272914064
mp-864667,0.55,0.42303014,0.12696986000000005
mp-1869,0.37,0.24308695,0.12691305
mp-8765,0.3,0.4267785,0.12677850000000002
mp-866220,0.28,0.1532907,0.12670930000000002
mp-976344,0.29,0.16330893,0.12669107
mp-755328,0.24,0.11375381,0.12624618999999998
mp-22609,0.24,0.3659085,0.12590850000000003
mp-862369,0.31,0.18414794,0.12585206
mp-1687,0.34,0.46581143,0.12581143
mp-865738,0.43,0.30442005,0.12557995
mp-875,0.29,0.4153012,0.1253012
mp-867869,0.36,0.4850893,0.12508930000000001
mp-973185,0.36,0.23508374,0.12491625999999997
mp-977152,0.33,0.20509689,0.12490311000000001
mp-2301,0.23,0.35486585,0.12486584999999997
mp-862788,0.29,0.16518597,0.12481402999999999
mp-30493,0.34,0.21545194,0.12454806000000002
mp-973977,0.35,0.22559,0.12440999999999997
mp-463,0.26,0.38430583,0.12430583
mp-1025393,0.28,0.15573989,0.12426011000000003
mp-7598,0.21,0.33415318,0.12415318
mp-1111,0.36,0.2359132,0.1240868
mp-1017553,0.29,0.16592468,0.12407531999999999
mp-8969,0.27,0.14599572,0.12400428000000002
mp-795,0.23,0.10602485,0.12397515
mp-7577,0.27,0.14604135,0.12395865000000003
mp-11513,0.31,0.433953,0.12395299999999998
mp-991,0.32,0.4439333,0.12393329999999997
mp-2330,0.25,0.12610857,0.12389143
mp-1025356,0.33,0.4537102,0.12371019999999999
mp-1525,0.41,0.28629166,0.12370833999999997
mp-10519,0.32,0.19630353,0.12369647
mp-971662,0.25,0.3736784,0.12367840000000002
mp-11737,0.23,0.10657792,0.12342208
mp-861736,0.45,0.3266216,0.1233784
mp-1018096,0.28,0.15665163,0.12334837000000004
mp-972623,0.26,0.38322765,0.12322764999999997
mp-1019357,0.3,0.17687057,0.12312942999999998
mp-9937,0.28,0.15697084,0.12302916000000003
mp-16501,0.42,0.29704,0.12295999999999996
mp-28056,0.37,0.24708198,0.12291801999999999
mp-2418,0.24,0.362791,0.12279099999999998
mp-15778,0.29,0.4127457,0.12274570000000001
mp-13967,0.27,0.14742379,0.12257621000000002
mp-13171,0.34,0.21747471,0.12252529000000004
mp-1482,0.24,0.36228573,0.12228572999999998
mp-7804,0.24,0.36220193,0.12220193000000001
mp-30178,0.26,0.13798918,0.12201082000000002
mp-8282,0.26,0.38189512,0.12189511999999997
mp-10732,0.27,0.39185673,0.12185672999999997
mp-613162,0.3,0.42142218,0.12142217999999999
mp-981547,0.29,0.41141802,0.12141802000000002
mp-974370,0.3,0.4213875,0.12138750000000004
mp-30381,0.19,0.31135297,0.12135297
mp-774146,0.29,0.4113341,0.1213341
mp-12107,0.29,0.1688249,0.12117509999999998
mp-30426,0.23,0.108847424,0.12115257600000001
mp-7927,0.26,0.13891344,0.12108656000000001
mp-10240,0.25,0.12892647,0.12107353000000001
mp-5158,0.31,0.18903883,0.12096117
mp-20536,0.26,0.13921623,0.12078377000000001
mp-7643,0.24,0.36073083,0.12073083000000001
mp-8262,0.07,0.19069223,0.12069222999999998
mp-12923,0.34,0.21940608,0.12059392000000002
mp-29763,0.5,0.62056917,0.12056917
mp-20791,0.28,0.15958811,0.12041189000000002
mp-21377,0.24,0.11971475,0.12028525
mp-1280,0.37,0.4902771,0.12027710000000003
mp-21090,0.3,0.42017555,0.12017555000000002
mp-989576,0.37,0.24986623,0.12013377
mp-10523,0.33,0.20998289,0.12001711000000001
mp-4785,0.28,0.39978713,0.11978712999999996
mp-21113,0.3,0.41974598,0.11974598000000003
mp-571419,0.22,0.33974516,0.11974515999999999
mp-673247,0.31,0.42961198,0.11961198
mp-675402,0.43,0.31079215,0.11920785
mp-3255,0.3,0.41913873,0.11913873000000003
mp-1018940,0.32,0.2008621,0.11913790000000002
mp-866179,0.19,0.30873078,0.11873077999999998
mp-8603,0.31,0.19127192,0.11872807999999999
mp-238,0.33,0.44872028,0.11872028000000001
mp-23039,0.25,0.36857116,0.11857116000000001
mp-865878,0.32,0.4385559,0.11855589999999999
mp-31455,0.36,0.4785064,0.11850640000000001
mp-379,0.51,0.6282838,0.11828379999999994
mp-1584,0.35,0.23171715,0.11828284999999997
mp-999558,0.31,0.19199024,0.11800975999999999
mp-10003,0.28,0.16202076,0.11797924000000001
mp-2701,0.25,0.3678382,0.1178382
mp-545598,0.33,0.2126274,0.11737260000000002
mp-31138,0.34,0.22269897,0.11730103000000003
mp-11490,0.28,0.39713818,0.11713817999999998
mp-569671,0.26,0.14304577,0.11695423000000002
mp-1001786,0.17,0.05315812,0.11684188000000001
mp-6669,0.28,0.39651006,0.11651005999999997
mp-6092,0.33,0.21374546,0.11625454000000002
mp-1025874,0.23,0.11378114,0.11621886000000001
mp-998890,0.44,0.55609757,0.11609757000000004
mp-18767,0.23,0.11394878,0.11605122000000001
mp-976289,0.43,0.3142591,0.11574089999999998
mp-10061,0.47,0.35442263,0.11557736999999996
mp-862934,0.18,0.2955625,0.11556250000000001
mp-13071,0.23,0.11451022,0.11548978000000001
mp-999295,0.34,0.4553584,0.11535839999999997
mp-1018726,0.27,0.38512403,0.11512402999999999
mp-20155,0.27,0.15489854,0.11510146000000002
mp-558852,0.3,0.18496476,0.11503523999999998
mp-961664,0.39,0.27509993,0.11490007000000002
mp-552292,0.27,0.15521221,0.11478779000000003
mp-567871,0.34,0.45471954,0.11471953999999995
mp-7777,0.3,0.4145924,0.11459240000000004
mp-22917,0.2,0.31450576,0.11450576000000001
mp-11194,0.31,0.1959099,0.1140901
mp-628773,0.35,0.23602758,0.11397241999999999
mp-1029756,0.33,0.44380945,0.11380944999999998
mp-7524,0.25,0.13622455,0.11377545
mp-5284,0.2,0.0862837,0.1137163
mp-22306,0.3,0.41371167,0.11371166999999999
mp-977404,0.39,0.27629757,0.11370243000000002
mp-13276,0.18,0.2934652,0.11346519999999999
mp-33581,0.27,0.15658759,0.11341241000000002
mp-2501,0.29,0.17661898,0.11338101999999997
mp-22179,0.27,0.3832419,0.1132419
mp-1678,0.38,0.49317098,0.11317097999999998
mp-3992,0.28,0.16689391,0.11310609000000002
mp-976265,0.38,0.49269998,0.11269997999999998
mp-1534,0.34,0.22735061,0.11264939000000002
mp-864763,0.3,0.41236383,0.11236383
mp-1018020,0.38,0.26766008,0.11233991999999998
mp-570886,0.26,0.37229055,0.11229054999999999
mp-8354,0.4,0.28772676,0.11227324
mp-864631,0.33,0.2177463,0.11225370000000001
mp-1698,0.28,0.1677788,0.11222120000000002
mp-862956,0.4,0.28780192,0.11219808000000003
mp-554238,0.27,0.38110298,0.11110297999999996
mp-7870,0.33,0.44110173,0.11110173000000001
mp-866087,0.31,0.19892953,0.11107047
mp-1018712,0.21,0.09896855,0.11103144999999999
mp-866146,0.34,0.22940736,0.11059264000000002
mp-29896,0.31,0.20047276,0.10952724
mp-10884,0.28,0.17074095,0.10925905000000002
mp-23803,0.28,0.17080109,0.10919891000000004
mp-865079,0.5,0.60910004,0.10910003999999995
mp-12773,0.32,0.42888856,0.10888855999999997
mp-7463,0.35,0.2411971,0.10880289999999998
mp-500,0.25,0.14128257,0.10871743
mp-9460,0.31,0.41846007,0.10846007000000002
mp-2733,0.2,0.09159689,0.10840311000000001
mp-972494,0.28,0.38827288,0.10827287999999996
mp-8703,0.37,0.4780478,0.10804780000000003
mp-569674,0.28,0.1720406,0.10795940000000004
mp-22687,0.25,0.14206128,0.10793871999999999
mp-30821,0.29,0.3978876,0.10788760000000003
mp-19246,0.3,0.40782,0.10782000000000003
mp-861884,0.35,0.2422996,0.10770039999999997
mp-8547,0.26,0.1524749,0.10752510000000001
mp-985287,0.41,0.51735973,0.10735973000000004
mp-997098,0.39,0.2826422,0.1073578
mp-11971,0.32,0.21287261,0.10712739000000002
mp-15955,0.23,0.12290008,0.10709992000000002
mp-31145,0.23,0.12306921,0.10693079000000001
mp-12553,0.23,0.33625883,0.10625883
mp-865809,0.31,0.20374219,0.10625781000000001
mp-975176,0.36,0.2540142,0.10598579999999996
mp-5639,0.23,0.12429531,0.10570469
mp-760415,0.28,0.17432635,0.10567365000000004
mp-5399,0.25,0.14451255,0.10548745000000001
mp-12990,0.18,0.28521955,0.10521955
mp-1068,0.31,0.20502304,0.10497696000000001
mp-862663,0.4,0.50496304,0.10496304000000001
mp-865681,0.27,0.374865,0.10486499999999999
mp-7574,0.23,0.12515657,0.10484343000000002
mp-33009,0.24,0.13522308,0.10477692
mp-560023,0.16,0.055403396,0.10459660400000001
mp-19231,0.35,0.24561913,0.10438086999999999
mp-866108,0.53,0.4256925,0.10430750000000005
mp-12015,0.34,0.44397742,0.10397741999999999
mp-13010,0.24,0.1361249,0.1038751
mp-1007855,0.3,0.19617878,0.10382121999999999
mp-867163,0.29,0.39330184,0.10330184000000003
mp-763353,0.29,0.18704905,0.10295094999999999
mp-27418,0.32,0.21724503,0.10275497
mp-861658,0.31,0.20753352,0.10246648
mp-22950,0.29,0.3924442,0.10244420000000004
mp-579496,0.3,0.19765823,0.10234177
mp-7701,0.69,0.7922657,0.10226570000000001
mp-2824,0.35,0.24813257,0.10186742999999998
mp-1025220,0.37,0.47168285,0.10168284999999999
mp-983063,0.38,0.2784508,0.1015492
mp-865876,0.31,0.4115296,0.1015296
mp-7937,0.24,0.13870637,0.10129363
mp-867868,0.37,0.26910746,0.10089253999999998
mp-975658,0.26,0.36076373,0.10076373
mp-21469,0.32,0.21945624,0.10054376000000001
mp-4072,0.26,0.15963836,0.10036164
mp-561442,0.26,0.16001843,0.09998157000000002
mp-9771,0.33,0.42992777,0.09992776999999997
mp-977399,0.31,0.21009003,0.09990996999999999
mp-8059,0.06,0.15982921,0.09982921
mp-865321,0.31,0.4097839,0.09978389999999998
mp-978833,0.34,0.24037091,0.09962909000000003
mp-3092,0.28,0.3795557,0.09955569999999997
mp-18198,0.3,0.39948946,0.09948946000000003
mp-977369,0.33,0.23054527,0.09945473000000002
mp-975405,0.13,0.22942619,0.09942619
mp-20865,0.23,0.32937527,0.09937526999999999
mp-996965,0.4,0.49933368,0.09933367999999998
mp-1475,0.11,0.010824606,0.099175394
mp-12079,0.21,0.11093007,0.09906992999999999
mp-999124,0.34,0.4389369,0.0989369
mp-15781,0.25,0.15110298,0.09889702
mp-21321,0.35,0.44887275,0.09887275000000001
mp-1019280,0.36,0.45856506,0.09856506000000004
mp-971975,0.22,0.121496454,0.098503546
mp-1008279,0.28,0.3778563,0.09785629999999995
mp-864734,0.4,0.30216366,0.09783634000000002
mp-946,0.31,0.21220486,0.09779514
mp-22441,0.26,0.16248484,0.09751516000000002
mp-865165,0.29,0.19257198,0.09742801999999998
mp-30817,0.3,0.39734513,0.09734513
mp-972793,0.33,0.23265569,0.09734431000000002
mp-2831,0.3,0.3972957,0.09729569999999998
mp-999207,0.22,0.12275486,0.09724514000000001
mp-8348,0.2,0.29719126,0.09719126
mp-8212,0.34,0.43709219,0.09709218999999997
mp-1029349,0.27,0.36703843,0.09703843000000001
mp-605028,0.3,0.20305042,0.09694957999999998
mp-21069,0.32,0.22309957,0.09690043000000001
mp-7557,0.28,0.18313064,0.09686936000000002
mp-2729,0.34,0.24314903,0.09685097000000004
mp-546794,0.06,0.1567605,0.0967605
mp-953,0.25,0.34621876,0.09621876000000001
mp-971924,0.31,0.40616196,0.09616195999999999
mp-555,0.29,0.3860882,0.09608820000000001
mp-14069,0.28,0.18400966,0.09599034000000004
mp-31059,0.36,0.26418012,0.09581987999999997
mp-11818,0.21,0.30543762,0.09543762000000003
mp-1018703,0.38,0.28472763,0.09527237
mp-11107,0.35,0.25473636,0.09526363999999998
mp-23255,0.34,0.43521255,0.09521254999999995
mp-22435,0.34,0.24523287,0.09476713000000003
mp-9978,0.33,0.23525237,0.09474763000000003
mp-865768,0.31,0.40474004,0.09474004000000003
mp-866311,0.29,0.19554125,0.09445874999999998
mp-2345,0.31,0.21555991,0.09444009
mp-862868,0.37,0.27574158,0.09425842000000001
mp-977218,0.29,0.19586624,0.09413375999999998
mp-865362,0.34,0.2460133,0.09398670000000003
mp-745,0.56,0.4660746,0.09392540000000005
mp-753508,0.32,0.22643386,0.09356614000000002
mp-976076,0.38,0.28659266,0.09340734
mp-31454,0.32,0.41331625,0.09331624999999999
mp-8150,0.29,0.19674323,0.09325676999999999
mp-1627,0.24,0.14677353,0.09322646999999998
mp-10746,0.23,0.323012,0.09301200000000001
mp-574235,0.33,0.23714273,0.09285727000000002
mp-8402,0.24,0.14716436,0.09283564
mp-550820,0.26,0.16737027,0.09262973000000002
mp-22325,0.31,0.40257818,0.09257818000000001
mp-19156,0.41,0.31747353,0.09252646999999997
mp-22159,0.3,0.20748542,0.09251457999999999
mp-865963,0.29,0.382303,0.09230300000000002
mp-4210,0.32,0.41195846,0.09195846000000002
mp-10128,0.33,0.42190892,0.09190892
mp-2564,0.26,0.35190767,0.09190767
mp-972048,0.21,0.30189598,0.09189598000000002
mp-21197,0.27,0.36175054,0.09175053999999999
mp-865235,0.22,0.31171578,0.09171578
mp-2088,0.22,0.12874798,0.09125201999999999
mp-1240,0.33,0.23885028,0.09114972000000002
mp-7991,0.21,0.118863925,0.091136075
mp-974395,0.34,0.43109524,0.09109523999999997
mp-12965,0.29,0.3810767,0.09107670000000001
mp-10435,0.28,0.37099993,0.09099992999999995
mp-540111,0.01,0.100733206,0.09073320600000001
mp-23487,0.24,0.14939575,0.09060425
mp-865038,0.31,0.40045542,0.09045542000000001
mp-861875,0.34,0.4303705,0.09037049999999996
mp-568912,0.12,0.029688373,0.09031162699999999
mp-864611,0.4,0.49016494,0.09016493999999997
mp-24012,0.2,0.29013687,0.09013686999999998
mp-20440,0.39,0.30008054,0.08991946
mp-862838,0.42,0.33011502,0.08988498
mp-13061,0.36,0.44971693,0.08971693000000003
mp-972957,0.35,0.26046115,0.08953885
mp-866285,0.31,0.22073112,0.08926888
mp-10322,0.32,0.40925103,0.08925103000000001
mp-755480,0.4,0.31078637,0.08921363000000004
mp-775909,0.3,0.38918453,0.08918452999999998
mp-1011377,0.32,0.23101996,0.08898004000000001
mp-561067,0.3,0.38897842,0.08897842
mp-768342,0.29,0.37883377,0.08883377000000003
mp-4250,0.31,0.22141145,0.08858854999999999
mp-1909,0.28,0.36853957,0.08853956999999996
mp-867568,0.3,0.3883747,0.08837470000000003
mp-863669,0.37,0.281628,0.088372
mp-32777,0.27,0.1817699,0.0882301
mp-755441,0.27,0.18177547,0.08822453000000002
mp-19238,0.33,0.24178414,0.08821586000000001
mp-22156,0.21,0.29801786,0.08801786000000003
mp-29403,0.13,0.21780868,0.08780868
mp-18766,0.28,0.36754888,0.08754888
mp-7904,0.29,0.3771419,0.0871419
mp-675045,0.3,0.38711792,0.08711792000000002
mp-865117,0.24,0.15321968,0.08678032
mp-30069,0.42,0.33321983,0.08678016999999999
mp-865867,0.33,0.41667038,0.08667037999999999
mp-862888,0.27,0.18342935,0.08657065000000003
mp-8236,0.28,0.19350891,0.08649109000000002
mp-5788,0.24,0.15382214,0.08617786
mp-23288,0.21,0.29578918,0.08578917999999999
mp-865028,0.29,0.20436566,0.08563433999999998
mp-2877,0.21,0.29554212,0.08554212000000003
mp-3666,0.22,0.13449709,0.08550290999999999
mp-4852,0.34,0.25455195,0.08544805
mp-31018,0.25,0.33544463,0.08544463000000002
mp-861481,0.38,0.4654308,0.08543079999999997
mp-997042,0.29,0.37538284,0.08538284000000002
mp-978563,0.32,0.23473476,0.08526524000000002
mp-557373,0.25,0.3348586,0.0848586
mp-1018828,0.28,0.19521914,0.08478086000000001
mp-421,0.4,0.31559092,0.08440908000000003
mp-21306,0.27,0.18561594,0.08438406000000001
mp-984627,0.34,0.42424458,0.08424457999999996
mp-30383,0.31,0.39420432,0.08420432
mp-20900,0.38,0.29595554,0.08404445999999999
mp-863659,0.35,0.26601428,0.08398571999999999
mp-8864,0.29,0.37359864,0.08359864
mp-972941,0.39,0.3066755,0.08332450000000002
mp-12751,0.4,0.48301768,0.08301767999999998
mp-971985,0.39,0.3069986,0.0830014
mp-866185,0.4,0.31699973,0.08300027000000004
mp-978808,0.26,0.34294617,0.08294616999999999
mp-10784,0.23,0.14719166,0.08280834000000001
mp-1029466,0.21,0.12729491,0.08270508999999998
mp-1022723,0.32,0.23732616,0.08267384
mp-30340,0.39,0.47260058,0.08260057999999998
mp-769111,0.35,0.26747686,0.08252314
mp-982008,0.5,0.4175892,0.0824108
mp-866026,0.32,0.23793195,0.08206805
mp-3982,0.28,0.36187565,0.08187564999999997
mp-985443,0.49,0.5717096,0.08170960000000005
mvc-14558,0.23,0.31165856,0.08165855999999996
mp-862692,0.29,0.20839263,0.08160736999999998
mp-862949,0.3,0.21842326,0.08157673999999998
mp-754515,0.22,0.1386043,0.08139569999999999
mp-675180,0.31,0.39133143,0.08133142999999998
mp-3006,0.2,0.1187406,0.08125940000000001
mp-552454,0.22,0.30120993,0.08120993000000001
mp-8278,0.2,0.28114688,0.08114687999999998
mp-1578,0.29,0.37105,0.08105000000000001
mp-570935,0.34,0.2590906,0.08090940000000002
mp-997031,0.29,0.2092431,0.08075689999999999
mp-27979,0.26,0.340725,0.08072499999999999
mp-4699,0.2,0.11938505,0.08061495
mp-1018723,0.32,0.23942308,0.08057692
mp-756683,0.3,0.2195134,0.08048659999999999
mp-1009130,0.39,0.4704849,0.08048489999999997
mp-2173,0.17,0.25048417,0.08048417
mp-21765,0.38,0.46047878,0.08047877999999997
mp-30599,0.34,0.42026544,0.08026543999999997
mp-16750,0.24,0.3202625,0.08026250000000001
mp-866004,0.35,0.26994747,0.08005252999999996
mp-573119,0.35,0.2699983,0.08000169999999995
mp-9473,0.29,0.21007375,0.07992624999999998
mp-758835,0.36,0.439784,0.07978400000000002
mp-30818,0.31,0.38959926,0.07959926
mp-867422,0.4,0.47943205,0.07943204999999998
mp-567441,0.28,0.20063774,0.07936226000000002
mp-862881,0.31,0.230644,0.07935600000000001
mp-30461,0.37,0.44917518,0.07917518000000001
mp-567197,0.27,0.19086842,0.07913158
mp-989524,0.35,0.27096844,0.07903156
mp-979989,0.31,0.38895357,0.07895357000000003
mp-8094,0.25,0.3289401,0.07894010000000001
mp-865116,0.36,0.43891698,0.07891698000000003
mp-11644,0.29,0.21113761,0.07886238999999998
mp-863675,0.35,0.42879242,0.07879242000000003
mp-685148,0.33,0.4082862,0.07828619999999997
mp-1025156,0.27,0.1917964,0.07820360000000001
mp-19799,0.32,0.24185766,0.07814234
mp-22565,0.3,0.37814152,0.07814152000000002
mp-975425,-0.06,0.017994508,0.07799450799999999
mp-21415,0.31,0.23237474,0.07762526
mp-9880,0.19,0.2674603,0.07746029999999998
mp-2451,0.22,0.14254223,0.07745777000000001
mp-780880,0.3,0.37743682,0.07743682000000002
mp-570136,0.29,0.36712784,0.07712784
mp-996990,0.27,0.19289498,0.07710502000000002
mp-29652,0.21,0.13304023,0.07695976999999998
mp-1056,0.31,0.38690847,0.07690847
mp-949028,0.27,0.19315015,0.07684985000000003
mp-7430,0.28,0.2032267,0.07677330000000002
mp-23281,0.26,0.1836754,0.07632460000000002
mp-867206,0.39,0.31370968,0.07629032000000002
mp-1025182,0.24,0.16374402,0.07625598
mp-5519,0.27,0.34623265,0.07623264999999996
mp-867127,0.36,0.4361161,0.07611610000000002
mp-7586,0.35,0.27397406,0.07602593999999996
mp-625094,0.34,0.41599685,0.07599684999999995
mp-972861,0.26,0.33594453,0.07594453000000001
mp-865449,0.35,0.27407366,0.07592633999999998
mp-1140,0.38,0.3041587,0.0758413
mp-8002,0.23,0.1544884,0.07551160000000001
mp-866107,0.38,0.3045364,0.07546360000000002
mp-5529,0.32,0.2447323,0.07526769999999999
mp-865609,0.34,0.26474094,0.07525906000000004
mp-7569,0.35,0.2748444,0.07515559999999999
mp-865874,0.41,0.3349746,0.07502539999999996
mp-3363,0.35,0.42492765,0.07492765000000001
mp-1025497,0.19,0.11514507,0.07485493
mp-22489,0.27,0.34466308,0.07466307999999999
mp-6879,0.31,0.23540036,0.07459964
mp-20832,0.24,0.3145373,0.07453730000000003
mp-864907,0.37,0.4444762,0.07447619999999999
mp-755581,0.26,0.18557344,0.07442656
mp-754671,0.3,0.22563343,0.07436656999999999
mp-865025,0.31,0.38430882,0.07430882
mp-972528,0.32,0.39422476,0.07422476
mp-410,0.31,0.38419992,0.07419991999999997
mp-22205,0.24,0.3141095,0.0741095
mp-867840,0.31,0.38400954,0.07400953999999998
mp-246,0.31,0.38392037,0.07392037000000001
mp-30892,0.29,0.21616517,0.07383482999999999
mp-690542,0.15,0.22377835,0.07377834999999999
mp-29529,0.35,0.27627164,0.07372835999999999
mp-10311,0.29,0.36364043,0.07364043000000003
mp-1029776,0.3,0.37343854,0.07343854
mp-866187,0.36,0.2865712,0.07342879999999996
mp-571443,0.24,0.16665943,0.07334057
mp-779545,0.32,0.24677737,0.07322263000000001
mp-20338,0.25,0.32309455,0.07309454999999998
mp-865537,0.3,0.22692008,0.07307991999999999
mp-867310,0.32,0.24700616,0.07299384
mp-549720,0.23,0.30278003,0.07278002999999997
mp-2723,0.33,0.25724614,0.07275386
mp-620571,0.33,0.25734472,0.07265527999999999
mp-3909,0.29,0.36257368,0.07257368000000003
mp-540791,0.29,0.21747361,0.07252638999999997
mp-4738,0.24,0.3125261,0.07252609999999998
mp-862841,0.34,0.26753926,0.07246074000000002
mp-972257,0.25,0.32230574,0.07230574000000001
mp-5541,0.33,0.2577024,0.07229760000000002
mp-570428,0.25,0.32226527,0.07226526999999999
mp-865500,0.35,0.27794755,0.07205244999999999
mp-866125,0.28,0.35184038,0.07184037999999998
mp-7089,0.24,0.16847222,0.07152777999999999
mp-867846,0.31,0.23851489,0.07148510999999999
mp-6960,0.32,0.39131087,0.07131086999999997
mp-20098,0.28,0.35120547,0.07120546999999999
mp-4419,0.2,0.2711838,0.07118379999999996
mp-20049,0.24,0.3111468,0.07114680000000001
mp-8377,0.19,0.11893354,0.07106646
mp-861643,0.27,0.19903876,0.07096124000000001
mp-979899,0.28,0.20917012,0.07082988000000004
mp-2331,0.2,0.1292056,0.07079440000000001
mp-226,0.15,0.22073294,0.07073294
mp-864962,0.27,0.19928117,0.07071883000000001
mp-776205,0.3,0.3704254,0.07042540000000003
mp-549970,0.33,0.25964892,0.07035108000000001
mp-672,0.35,0.2799425,0.0700575
mp-5451,0.32,0.24995248,0.07004752
mp-1029257,0.34,0.40979457,0.06979457
mp-3717,0.28,0.34961867,0.06961867
mp-1882,0.32,0.25039458,0.06960542000000003
mp-9926,0.23,0.16040762,0.06959238000000001
mp-975639,0.26,0.32954955,0.06954955000000002
mp-552008,0.3,0.23054542,0.06945457999999999
mp-8122,0.2,0.2694326,0.06943260000000001
mp-416,0.34,0.40921372,0.06921371999999998
mp-22116,0.29,0.22083353,0.06916646999999998
mp-30885,0.25,0.31890863,0.06890863000000003
mp-8868,0.37,0.30111063,0.06888937
mp-801,0.32,0.38862592,0.06862592
mp-30858,0.3,0.23157708,0.06842292
mp-7589,0.22,0.2884177,0.0684177
mp-19370,0.32,0.2516182,0.06838179999999999
mp-151,0.47,0.538136,0.06813599999999997
mp-867229,0.32,0.252079,0.06792100000000001
mp-510412,0.31,0.24229778,0.06770222000000001
mp-1018054,0.29,0.3576048,0.06760480000000002
mp-23095,0.26,0.19287159,0.06712841
mp-754403,0.4,0.332927,0.06707300000000005
mp-16494,0.33,0.26295,0.06705
mp-22400,0.34,0.4070062,0.06700619999999996
mp-973887,0.36,0.29301214,0.06698786000000001
mp-4854,0.24,0.3069436,0.06694359999999999
mp-5786,0.33,0.26313162,0.06686838
mp-568495,0.34,0.27318728,0.06681272000000005
mp-862805,0.39,0.32320827,0.06679173
mp-568880,0.38,0.44671303,0.06671303
mp-862,0.24,0.17345662,0.06654337999999999
mp-754605,0.25,0.31644267,0.06644266999999998
mp-6996,0.26,0.19381349,0.06618651
mp-973847,0.3,0.23404126,0.06595873999999999
mp-643260,0.28,0.34592915,0.06592914999999999
mp-975932,0.33,0.2644664,0.06553360000000003
mp-510076,0.33,0.26447237,0.06552763
mp-10677,0.3,0.23472203,0.06527796999999999
mp-989573,0.3,0.23474108,0.06525892
mp-20369,0.22,0.28525472,0.06525472000000002
mp-557958,0.38,0.4451447,0.0651447
mp-776475,0.25,0.1849012,0.06509880000000001
mp-10645,0.5,0.43501467,0.06498533000000001
mp-961705,0.35,0.285029,0.064971
mp-754165,0.3,0.2350855,0.06491449999999999
mp-429,0.31,0.37490982,0.06490982000000001
mp-685991,0.2,0.13518949,0.06481051000000002
mp-975883,0.36,0.2954548,0.06454519999999997
mp-4836,0.3,0.36453813,0.06453813000000003
mp-16723,0.26,0.19550349,0.06449651
mp-861499,0.36,0.29553014,0.06446985999999999
mp-20272,0.31,0.24567656,0.06432344000000001
mp-31182,0.25,0.31429404,0.06429404
mp-10300,0.26,0.32427555,0.06427555000000001
mp-8192,0.3,0.36408985,0.06408985
mp-902,0.21,0.14598157,0.06401842999999999
mp-1025277,0.24,0.17606305,0.06393694999999999
mp-600089,0.26,0.32390016,0.06390015999999998
mp-980044,0.3,0.36380714,0.06380713999999998
mvc-13995,0.33,0.39350736,0.06350735999999996
mp-7070,0.31,0.37331378,0.06331377999999999
mp-10006,0.3,0.23670296,0.06329704
mp-1018745,0.31,0.37318403,0.06318403
mp-862257,0.3,0.23697244,0.06302755999999998
mp-639789,0.32,0.3829301,0.06293009999999999
mp-31328,0.4,0.33737093,0.06262907000000001
mp-19257,0.25,0.18742009,0.06257990999999999
mp-570017,0.37,0.43241656,0.06241656000000001
mp-979258,0.36,0.2976386,0.06236140000000001
mp-1045,0.32,0.25765228,0.062347719999999995
mp-863667,0.34,0.27800417,0.06199583000000003
mp-259,0.27,0.3318776,0.06187759999999998
mp-7090,0.26,0.19820459,0.061795409999999995
mp-19414,0.34,0.40159005,0.06159004999999995
mp-558694,0.2,0.13860969,0.061390310000000003
mp-29726,0.28,0.34110492,0.06110491999999995
mp-978815,0.32,0.38092685,0.06092684999999998
mp-573051,0.24,0.17913221,0.060867790000000005
mp-450,0.22,0.28080225,0.060802249999999974
mp-8640,0.31,0.37066984,0.060669839999999975
mp-865224,0.26,0.19952355,0.060476450000000015
mp-10175,0.26,0.19955765,0.060442350000000006
mp-985278,0.37,0.30972832,0.060271679999999994
mp-19025,0.28,0.340127,0.060126999999999986
mp-14089,0.32,0.3795449,0.05954490000000001
mp-864981,0.36,0.3005941,0.05940590000000001
mp-976952,0.2,0.14062993,0.059370070000000025
mp-552934,0.34,0.28073376,0.059266240000000026
mp-982664,0.11,0.05083327,0.05916673
mp-11593,0.28,0.22092585,0.05907415000000002
mp-643945,0.32,0.3790509,0.05905090000000002
mp-866062,0.3,0.35899574,0.05899574000000002
mp-555464,0.38,0.43879718,0.058797180000000004
mp-9970,0.24,0.1813987,0.058601299999999995
mp-16421,0.29,0.23145445,0.058545549999999974
mp-2927,0.45,0.39150125,0.05849874999999999
mp-864624,0.34,0.39848363,0.05848362999999995
mp-1008224,0.31,0.25167304,0.05832695999999998
mp-864597,0.35,0.29190075,0.05809924999999999
mp-979339,0.29,0.23196517,0.05803482999999998
mp-1302,0.03,-0.027795598,0.057795598000000004
mp-11358,0.19,0.24767725,0.057677249999999985
mp-11554,0.46,0.40251046,0.057489540000000006
mp-867123,0.33,0.3871941,0.05719409999999997
mp-541014,0.29,0.34716374,0.05716374000000002
mp-13683,0.24,0.29697782,0.05697782000000001
mp-973267,0.18,0.12306537,0.05693463
mp-20439,0.2,0.25682247,0.056822470000000014
mp-862717,0.34,0.39670914,0.05670913999999999
mp-754010,0.34,0.28354394,0.05645606000000003
mp-12674,0.38,0.43644792,0.056447919999999985
mp-22719,0.29,0.23359476,0.05640523999999997
mp-1794,0.12,0.17637078,0.05637078000000001
mp-328,0.42,0.47634393,0.05634393000000004
mp-351,0.29,0.3463025,0.05630250000000003
mp-5881,0.22,0.16407748,0.05592252
mp-929,0.3,0.24410872,0.05589127999999999
mp-4878,0.23,0.28574902,0.05574902000000001
mp-12098,0.22,0.2755515,0.055551500000000004
mp-1973,0.21,0.26550376,0.055503759999999985
mp-1749,0.29,0.23455845,0.05544154999999998
mp-2058,0.34,0.2845853,0.05541470000000004
mp-677105,0.31,0.36530542,0.055305419999999994
mp-28460,0.27,0.21471463,0.05528537000000003
mp-30585,0.34,0.28473616,0.05526384000000001
mp-569416,0.19,0.1347576,0.0552424
mp-11958,0.33,0.27480686,0.05519314000000003
mp-541785,0.22,0.27517527,0.055175270000000026
mp-862728,0.36,0.41517395,0.05517395000000003
mp-979987,0.38,0.32505423,0.054945770000000005
mp-978542,0.33,0.27505445,0.05494555000000001
mp-27512,0.27,0.21506532,0.054934680000000014
mp-556464,0.28,0.33492666,0.05492665999999996
mp-571339,0.25,0.19510306,0.054896940000000005
mp-21471,0.25,0.19512396,0.05487603999999999
mp-569114,0.33,0.3847738,0.054773799999999984
mp-20136,0.27,0.32471395,0.054713949999999956
mp-3208,0.2,0.14541392,0.05458608000000001
mp-22483,0.3,0.24563532,0.05436468
mp-21301,0.32,0.26575774,0.05424225999999999
mp-28357,0.44,0.49406022,0.05406021999999999
mp-569516,0.28,0.22596763,0.054032370000000024
mp-1014303,0.25,0.30389833,0.053898329999999994
mp-862548,0.25,0.30371392,0.053713920000000026
mp-569450,0.14,0.1936868,0.05368679999999998
mp-568940,0.25,0.30366522,0.05366522000000001
mp-975207,0.34,0.28635138,0.053648620000000036
mp-9718,0.31,0.25686586,0.053134139999999996
mp-814,0.34,0.393081,0.05308099999999999
mp-1890,0.24,0.187003,0.05299699999999999
mp-1515,0.2,0.252995,0.052995000000000014
mp-570196,0.3,0.3529384,0.0529384
mp-972099,0.37,0.3171894,0.052810599999999985
mp-30871,0.43,0.48261362,0.05261362000000003
mp-999117,0.29,0.34249973,0.05249973000000002
mp-2932,0.24,0.18753748,0.052462519999999985
mp-7771,0.25,0.19756667,0.05243333
mp-626785,0.35,0.4024281,0.05242810000000003
mp-999190,0.27,0.21775816,0.05224184000000001
mp-554089,-0.06,-0.0077587813,0.052241218699999994
mp-1013643,0.21,0.15777265,0.052227350000000006
mp-864614,0.31,0.36212677,0.05212676999999999
mp-22978,0.28,0.3320741,0.05207409999999996
mp-983229,0.36,0.30806983,0.05193017
mp-708,0.25,0.19809268,0.05190732000000001
mp-647164,0.4,0.4518177,0.05181769999999997
mp-30491,0.38,0.328197,0.05180299999999999
mp-977392,0.29,0.23829477,0.05170522999999999
mp-7938,0.25,0.1983035,0.051696500000000006
mp-1025478,0.37,0.31837523,0.051624769999999987
mp-977391,0.36,0.3083884,0.05161159999999998
mp-11506,0.33,0.27840292,0.05159708000000002
mp-755253,0.24,0.29156345,0.05156345000000001
mp-9561,0.18,0.23141606,0.05141606000000001
mp-865548,0.31,0.25863928,0.05136071999999997
mp-973893,0.39,0.3387121,0.0512879
mp-864959,0.32,0.2687391,0.0512609
mp-997082,0.35,0.40104896,0.05104896000000003
mp-27546,0.3,0.24911399,0.05088600999999998
mp-510441,0.36,0.41071266,0.05071266000000002
mp-2542,0.2,0.14932723,0.050672770000000006
mvc-2949,0.28,0.22940974,0.050590260000000026
mp-754327,0.33,0.38044357,0.05044356999999999
mp-865297,0.33,0.38029003,0.050290029999999986
mp-30502,0.28,0.22972442,0.050275580000000014
mp-5323,0.28,0.2297305,0.05026950000000002
mp-867349,0.32,0.26979363,0.05020637
mp-19814,0.29,0.34018248,0.05018248000000003
mp-1023129,0.31,0.36011368,0.050113679999999994
mp-865562,0.22,0.1701424,0.0498576
mp-903,0.36,0.31015927,0.04984073
mp-30842,0.3,0.34967846,0.049678460000000035
mp-10910,0.24,0.28958368,0.04958368000000002
mp-973442,0.34,0.3895297,0.049529699999999954
mp-624929,0.25,0.2008111,0.04918890000000001
mp-20492,0.29,0.33894753,0.04894753000000002
mp-7829,0.28,0.32893348,0.048933479999999974
mp-1017987,0.26,0.3088795,0.048879499999999965
mp-571035,0.39,0.3411345,0.048865500000000006
mp-971712,0.31,0.26129872,0.04870128000000001
mp-2598,0.26,0.3086514,0.04865140000000001
mp-22682,0.36,0.31138355,0.04861644999999998
mp-998527,0.3,0.25145298,0.048547019999999996
mp-864601,0.29,0.2415163,0.04848369999999999
mp-864895,0.27,0.3183983,0.048398300000000005
mp-10611,0.22,0.26827794,0.04827793999999999
mp-18971,0.34,0.38825482,0.048254819999999976
mp-30768,0.2,0.15176313,0.048236870000000015
mp-1016849,0.34,0.2920264,0.047973600000000005
mp-10373,0.25,0.29788226,0.04788226000000001
mp-4731,0.33,0.28222728,0.04777271999999999
mp-866131,0.36,0.40772802,0.04772802000000004
mp-864744,0.31,0.2625969,0.047403099999999976
mp-31116,0.28,0.23270251,0.047297490000000025
mp-879,0.3,0.34709233,0.047092330000000016
mp-2116,0.38,0.33298004,0.04701996000000003
mp-11456,0.3,0.3470028,0.04700280000000001
mp-7381,0.18,0.22687195,0.046871949999999996
mp-1546,0.19,0.2368636,0.046863600000000005
mp-865577,0.3,0.3468327,0.046832700000000005
mp-961670,0.46,0.5066943,0.04669430000000002
mp-550,0.24,0.19332899,0.046671009999999985
mp-471,0.27,0.3166049,0.046604900000000005
mp-20822,0.26,0.21347563,0.04652437000000001
mp-1016840,0.35,0.3960716,0.046071600000000046
mp-10281,0.29,0.33598334,0.04598334000000004
mp-27705,0.19,0.23587354,0.04587353999999999
mp-983123,0.36,0.4058056,0.0458056
mp-862600,0.28,0.23426943,0.045730570000000026
mp-865875,0.43,0.38428444,0.04571555999999999
mp-567290,0.38,0.33448344,0.045516559999999984
mp-865563,0.45,0.4954564,0.04545640000000001
mp-7876,0.19,0.23538099,0.04538099000000001
mp-864903,0.31,0.2647103,0.04528969999999999
mp-18906,0.2,0.15474172,0.04525828000000001
mp-23021,0.29,0.3351724,0.0451724
mp-862363,0.35,0.304842,0.045157999999999976
mp-2310,0.34,0.38511443,0.04511442999999998
mp-481,0.3,0.25498277,0.045017229999999964
mp-573995,0.23,0.18499927,0.04500073000000002
mp-158,0.28,0.23523276,0.044767240000000014
mp-124,0.38,0.33532977,0.04467022999999998
mp-11113,0.18,0.13544224,0.04455776
mp-1279,0.25,0.29445845,0.04445844999999998
mp-770997,0.32,0.3644383,0.044438299999999986
mp-11487,0.31,0.26557726,0.044422740000000016
mp-19069,0.37,0.41430068,0.04430067999999998
mp-983602,0.41,0.36586672,0.04413328
mp-863652,0.36,0.31587523,0.04412476999999998
mp-16271,0.34,0.29602933,0.043970670000000045
mp-13992,0.38,0.33614486,0.043855140000000015
mp-1025069,0.27,0.22632824,0.043671760000000004
mp-5723,0.28,0.32363552,0.04363551999999998
mp-3499,0.45,0.40639836,0.04360164
mp-975423,0.3,0.34360003,0.04360003000000001
mp-13907,0.06,0.10359274,0.043592740000000005
mp-12927,0.24,0.1966991,0.0433009
mp-862716,0.35,0.39322096,0.04322096000000003
mp-975518,0.33,0.28685302,0.04314698
mp-862378,0.32,0.27691048,0.04308951999999999
mp-30657,0.39,0.43307865,0.043078649999999996
mp-4990,0.4,0.35695976,0.04304024000000001
mp-9006,0.25,0.2930401,0.043040100000000026
mp-2070,0.25,0.20711426,0.042885740000000006
mp-30648,0.29,0.24711914,0.04288085999999999
mp-865155,0.27,0.22715111,0.04284889000000003
mp-12516,0.34,0.29718274,0.042817260000000024
mp-15793,0.23,0.2726549,0.04265489999999997
mp-3032,0.32,0.27744108,0.04255892
mp-30850,0.35,0.30786902,0.042130979999999985
mp-867120,0.27,0.3119905,0.041990499999999986
mp-754154,0.29,0.24806263,0.041937369999999974
mp-865252,0.23,0.18809925,0.041900750000000014
mp-9549,0.28,0.3218891,0.04188909999999996
mp-12520,0.31,0.35173774,0.04173774000000002
mp-977554,0.35,0.30846792,0.04153207999999997
mp-2894,0.3,0.34139353,0.04139353000000001
mp-1018895,0.22,0.26136374,0.04136374000000001
mp-510346,0.28,0.23911868,0.040881320000000027
mp-865999,0.43,0.38933694,0.04066305999999997
mp-864772,0.26,0.21946923,0.04053077000000002
mp-12716,0.34,0.3804314,0.04043139999999995
mp-4368,0.34,0.38041413,0.04041412999999999
mp-5756,0.31,0.26979375,0.04020625
mp-20725,0.33,0.37017846,0.04017845999999997
mp-569848,0.35,0.39016992,0.040169920000000026
mp-10911,0.25,0.2900434,0.04004340000000001
mp-998552,0.23,0.19009466,0.03990534000000001
mp-5577,0.29,0.25017035,0.039829649999999994
mp-10255,0.21,0.170269,0.03973099999999999
mp-980191,0.24,0.20038591,0.03961408999999999
mp-1018066,0.31,0.34952968,0.03952968000000001
mp-23029,0.39,0.42948842,0.03948841999999997
mp-865792,0.36,0.3993935,0.039393500000000026
mp-22722,0.32,0.35931873,0.03931872999999997
mp-862964,0.24,0.20088394,0.03911605999999998
mp-3567,0.39,0.35090238,0.03909762
mp-18949,0.26,0.29907662,0.039076620000000006
mp-10797,0.3,0.3390581,0.039058099999999984
mp-7878,0.27,0.23107229,0.038927710000000004
mp-10898,0.31,0.34876716,0.03876716000000002
mp-16236,0.29,0.2515365,0.038463499999999984
mp-866164,0.33,0.29162288,0.03837712000000004
mp-5058,0.38,0.34162802,0.03837198000000003
mp-866228,0.29,0.3283589,0.03835890000000003
mp-69,0.24,0.27805042,0.03805042000000003
mp-7093,0.34,0.3777448,0.03774479999999997
mp-1407,0.25,0.21235959,0.03764041000000001
mp-754110,0.38,0.34238124,0.03761876000000003
mp-1689,0.37,0.33245635,0.037543649999999984
mp-979435,0.26,0.2973243,0.03732429999999998
mp-2500,0.25,0.21284513,0.037154870000000007
mp-11247,0.43,0.3929364,0.037063599999999974
mp-999508,0.44,0.40301687,0.036983129999999975
mp-989514,0.27,0.23311974,0.036880260000000026
mp-2490,0.22,0.2566648,0.036664800000000025
mp-569451,0.42,0.383447,0.036553
mp-972205,0.28,0.31654215,0.036542149999999995
mp-567406,0.28,0.24347828,0.036521720000000035
mp-4909,0.26,0.29651326,0.03651325999999999
mp-9225,0.32,0.28352326,0.03647674000000001
mp-4692,0.25,0.28621423,0.036214230000000014
mp-3345,0.3,0.2638268,0.036173200000000016
mp-549,0.27,0.23392476,0.03607524000000001
mp-3721,0.25,0.28579503,0.035795030000000005
mp-23684,0.3,0.26421738,0.03578261999999999
mp-864840,0.34,0.304273,0.03572700000000001
mp-1031,0.29,0.25443894,0.03556105999999998
mp-21251,0.24,0.20452197,0.035478029999999994
mp-1560,0.3,0.26462197,0.035378030000000005
mp-571428,0.3,0.2646374,0.035362599999999966
mp-969,0.2,0.16474287,0.03525713
mp-30497,0.26,0.2949385,0.03493849999999998
mp-2552,0.11,0.1447473,0.034747299999999995
mp-862832,0.31,0.3442204,0.034220399999999984
mp-558046,0.31,0.27610326,0.03389673999999998
mp-1009238,0.4,0.36621922,0.03378078000000001
mp-4019,0.25,0.21637253,0.03362746999999999
mp-4768,0.27,0.2364444,0.03355560000000002
mp-30043,0.28,0.31354296,0.033542959999999955
mp-976113,0.49,0.4565283,0.03347169999999999
mp-1018743,0.34,0.30658174,0.03341826000000003
mp-1866,0.32,0.3533612,0.03336119999999998
mp-979934,0.35,0.31673652,0.033263479999999956
mp-867146,0.3,0.26693267,0.033067330000000006
mp-4322,0.23,0.19695903,0.03304097
mp-983154,0.36,0.32724333,0.03275666999999999
mp-3081,0.22,0.18758182,0.03241817999999999
mp-9010,0.32,0.28764313,0.03235686999999998
mp-10636,0.18,0.1476575,0.032342499999999996
mp-16516,0.23,0.26220453,0.03220452999999998
mp-996941,0.49,0.45783776,0.03216224000000001
mp-13868,0.29,0.2580083,0.031991699999999956
mp-863715,0.38,0.34806335,0.03193665000000001
mp-864806,0.38,0.34810615,0.03189385
mp-978095,0.34,0.37188673,0.031886729999999974
mp-756134,0.28,0.31184363,0.031843629999999956
mp-8415,0.3,0.33179033,0.03179033000000003
mp-542496,0.34,0.371615,0.03161499999999995
mp-5176,0.28,0.31140512,0.03140511999999995
mp-862756,0.22,0.25135,0.03135000000000002
mp-864978,0.31,0.34122074,0.031220740000000025
mp-977586,0.16,0.12879519,0.03120481
mp-5745,0.2,0.16898818,0.031011820000000023
mp-999389,0.34,0.30910432,0.030895680000000036
mp-22284,0.32,0.28919607,0.03080392999999998
mp-34460,0.47,0.43921137,0.030788629999999984
mp-30780,0.2,0.16938876,0.030611240000000012
mp-570558,0.31,0.27952176,0.03047823999999999
mp-867795,0.34,0.30965418,0.030345820000000023
mp-28006,0.34,0.30991995,0.030080050000000025
mp-9938,0.21,0.24003582,0.03003582000000002
mp-10919,0.3,0.3300349,0.03003490000000003
mp-23176,0.27,0.30000407,0.030004069999999994
mp-975443,0.36,0.38997847,0.029978470000000035
mp-567749,0.28,0.30991238,0.02991237999999996
mp-20697,0.32,0.34984398,0.029843979999999992
mp-3821,0.33,0.35983938,0.02983937999999997
mp-28497,0.27,0.2996438,0.029643799999999998
mp-1697,0.3,0.27036107,0.029638930000000008
mp-865109,0.31,0.3395633,0.029563300000000015
mp-570093,0.27,0.24043976,0.029560240000000015
mp-13450,0.25,0.22092064,0.02907936
mp-10456,0.28,0.25102246,0.028977540000000024
mp-31907,0.27,0.24106772,0.028932280000000005
mp-8781,0.26,0.23112576,0.028874239999999995
mp-569408,0.23,0.20125805,0.028741950000000016
mp-977582,0.34,0.31136543,0.028634570000000026
mp-19438,0.26,0.23165895,0.028341050000000007
mp-864949,0.3,0.32811207,0.02811206999999999
mp-27976,0.27,0.24195378,0.02804622000000001
mp-974617,0.56,0.5320155,0.02798450000000008
mp-998147,0.31,0.28201568,0.027984320000000007
mp-21340,0.31,0.2820391,0.02796090000000001
mp-7067,0.26,0.23216315,0.027836849999999996
mp-550008,0.23,0.25773793,0.027737929999999994
mp-2850,0.27,0.24251692,0.02748308000000002
mp-754364,0.32,0.2931823,0.0268177
mp-468,0.03,0.0032128692,0.0267871308
mp-886,0.31,0.3367232,0.026723200000000003
mp-980059,0.39,0.36335832,0.02664168
mp-867224,0.3,0.2734456,0.026554399999999978
mp-768310,0.37,0.34353763,0.026462370000000013
mp-7433,0.29,0.26362514,0.02637486
mp-865003,0.28,0.25367993,0.02632007000000003
mp-862563,0.32,0.2939592,0.02604080000000003
mp-3264,0.37,0.3439737,0.026026300000000002
mp-37657,0.3,0.3259639,0.025963899999999984
mp-580357,0.36,0.33415246,0.025847540000000002
mp-865935,0.26,0.23418312,0.025816880000000014
mp-5729,0.29,0.31580353,0.02580353000000002
mp-556424,0.27,0.2442363,0.025763700000000028
mp-19729,0.28,0.3056056,0.02560559999999995
mp-979751,0.33,0.304569,0.025431000000000037
mp-865653,0.3,0.32542992,0.025429919999999995
mp-18928,0.31,0.28470546,0.025294539999999976
mp-865149,0.41,0.38473088,0.02526911999999998
mp-2828,0.25,0.22501834,0.02498165999999999
mp-22698,0.25,0.22526969,0.024730310000000005
mp-977143,0.36,0.3845942,0.02459420000000001
mp-975275,0.18,0.15554605,0.024453950000000002
mp-753708,0.32,0.2956087,0.024391300000000005
mp-862923,0.36,0.38432962,0.024329619999999996
mp-20265,0.35,0.3742873,0.02428730000000001
mp-1096,0.25,0.2257445,0.024255500000000013
mp-20862,0.28,0.30425096,0.024250959999999988
mp-22725,0.33,0.3057565,0.02424350000000003
mp-643409,0.29,0.314174,0.02417400000000003
mp-9248,0.3,0.32415748,0.02415748000000001
mp-29866,0.2,0.22415267,0.024152669999999987
mp-1431,0.22,0.24403588,0.02403588000000001
mp-776150,0.34,0.31628186,0.02371814
mp-5429,0.29,0.26632106,0.02367893999999998
mp-20298,0.33,0.35361606,0.023616059999999994
mp-9985,0.25,0.22663175,0.023368250000000007
mp-2142,0.22,0.24318962,0.023189619999999994
mp-865379,0.31,0.28691477,0.023085230000000012
mp-865228,0.24,0.26290482,0.022904819999999992
mp-21271,0.29,0.3127938,0.02279380000000003
mp-862820,0.27,0.24726434,0.02273566000000002
mp-19953,0.22,0.1973962,0.022603800000000007
mp-2738,0.38,0.40258616,0.022586160000000022
mp-866005,0.3,0.32254493,0.02254493000000002
mp-1019089,0.25,0.22745676,0.022543239999999992
mp-23486,0.37,0.392483,0.02248300000000003
mp-865019,0.3,0.27756447,0.02243552999999998
mp-569886,0.3,0.32221693,0.022216930000000024
mp-865216,0.33,0.30785495,0.02214505
mp-30363,0.33,0.35205954,0.02205953999999999
mp-989585,0.45,0.4720375,0.022037499999999988
mp-16349,0.37,0.39203256,0.02203255999999998
mp-569526,0.36,0.3819254,0.02192540000000004
mp-863710,0.29,0.26810163,0.02189837
mp-861617,0.36,0.3381986,0.02180139999999997
mp-570008,0.17,0.19161953,0.021619529999999998
mp-22412,0.2,0.17839701,0.021602990000000016
mp-829,0.35,0.32862002,0.021379979999999965
mp-973109,0.51,0.5313482,0.02134820000000004
mp-7974,0.25,0.27127486,0.021274860000000007
mp-978523,0.3,0.27883363,0.02116636999999999
mp-989192,0.12,0.09894474,0.021055259999999992
mp-22426,0.27,0.29094088,0.020940879999999995
mp-4396,0.35,0.37075675,0.020756750000000046
mp-865209,0.3,0.27935374,0.020646259999999972
mp-30034,0.34,0.360429,0.020428999999999975
mp-999192,0.32,0.29963845,0.020361550000000006
mp-8231,0.29,0.26984036,0.02015963999999998
mp-22511,0.21,0.22984909,0.019849090000000014
mp-28568,0.33,0.3101862,0.019813799999999993
mp-1025455,0.42,0.40019864,0.01980135999999999
mp-4359,0.26,0.27972674,0.019726739999999965
mp-676241,0.29,0.27039874,0.019601259999999954
mp-23004,0.33,0.31057864,0.01942136
mp-867273,0.33,0.3105986,0.019401400000000013
mp-4813,0.39,0.4093123,0.019312300000000004
mp-23227,0.34,0.32076144,0.019238560000000016
mp-2977,0.27,0.25086457,0.01913543000000001
mp-978625,0.3,0.31891692,0.018916920000000004
mp-866172,0.22,0.23868962,0.01868961999999999
mp-18782,0.23,0.24861835,0.018618349999999978
mp-30352,0.36,0.34144175,0.01855825
mp-862667,0.26,0.24166436,0.018335640000000014
mp-862370,0.32,0.30169964,0.018300360000000016
mp-10899,0.37,0.38804847,0.018048469999999983
mp-866150,0.32,0.30213445,0.017865550000000008
mp-4079,0.18,0.1622682,0.017731799999999992
mp-571147,0.31,0.29244483,0.01755517000000001
mp-567807,0.3,0.31754684,0.017546840000000008
mp-977011,0.29,0.30731225,0.01731225000000003
mp-37614,0.27,0.2528214,0.017178600000000044
mp-4302,0.28,0.29678923,0.01678922999999999
mp-2816,0.33,0.31354052,0.016459480000000026
mp-866194,0.31,0.2935714,0.016428600000000015
mp-10952,0.31,0.29370433,0.016295669999999984
mp-862619,0.33,0.313726,0.01627400000000001
mp-7845,0.33,0.31376845,0.01623155000000004
mp-12427,0.25,0.26614392,0.01614391999999998
mp-981252,0.22,0.20390125,0.016098749999999995
mp-643063,0.24,0.2560805,0.016080499999999998
mp-865032,0.31,0.32580864,0.015808639999999985
mp-10408,0.31,0.32574743,0.015747430000000007
mp-203,0.35,0.36569625,0.015696250000000023
mp-567907,0.25,0.23432185,0.015678150000000002
mp-555403,0.45,0.46549553,0.01549552999999998
mp-684031,0.23,0.21456452,0.015435480000000001
mp-9575,0.17,0.1853833,0.015383299999999989
mp-867172,0.35,0.3652709,0.015270900000000032
mp-581786,0.34,0.355218,0.015217999999999954
mp-20787,0.29,0.27484202,0.01515797999999996
mp-1317,0.22,0.20489867,0.015101329999999996
mp-1017544,0.33,0.3149258,0.015074200000000038
mp-684969,0.22,0.20495464,0.015045360000000008
mp-983567,0.26,0.2749074,0.014907400000000015
mp-867909,0.34,0.35477978,0.014779779999999965
mp-1033,0.56,0.54534113,0.014658870000000102
mp-5840,0.23,0.2153445,0.014655500000000016
mp-862362,0.31,0.3245551,0.014555099999999987
mp-982772,0.38,0.36550468,0.014495319999999978
mp-23060,0.27,0.28449363,0.01449362999999998
mp-972522,0.34,0.3544591,0.014459100000000003
mp-862374,0.4,0.41442937,0.014429369999999997
mp-3398,0.32,0.30565357,0.014346430000000021
mp-865376,0.3,0.31420445,0.014204450000000035
mp-1018659,0.25,0.23589312,0.014106879999999988
mp-1013540,0.25,0.26381695,0.013816949999999995
mp-766217,0.27,0.2563917,0.013608300000000018
mp-4157,0.34,0.353451,0.01345099999999999
mp-11564,0.33,0.31663126,0.01336873999999999
mp-974832,0.2,0.18685882,0.013141180000000002
mp-865502,0.43,0.44312137,0.013121370000000021
mp-12574,0.29,0.30307728,0.013077280000000024
mp-2157,0.28,0.29305315,0.013053149999999958
mp-19790,0.2,0.213042,0.013041999999999998
mp-569639,0.36,0.3730048,0.013004800000000039
mp-1023127,0.3,0.31280923,0.012809230000000005
mp-975896,0.35,0.3626477,0.01264770000000004
mp-1607,0.29,0.3025626,0.012562600000000035
mp-865785,0.37,0.38237554,0.012375540000000018
mp-10671,0.21,0.19771056,0.012289439999999985
mp-865888,0.27,0.2822737,0.012273699999999999
mp-865753,0.37,0.38218492,0.012184919999999988
mp-10039,0.25,0.26215202,0.012152019999999986
mp-568560,0.33,0.31788552,0.012114480000000039
mp-7650,0.26,0.24794786,0.012052140000000017
mp-867218,0.38,0.3680727,0.01192730000000003
mp-974527,0.3,0.28811097,0.011889029999999967
mp-11596,0.33,0.3181687,0.011831299999999989
mp-13095,0.37,0.38182265,0.01182264999999999
mp-7939,0.24,0.2283564,0.011643600000000004
mp-28067,0.19,0.17842095,0.011579050000000007
mp-1684,0.42,0.43155605,0.01155605000000004
mp-16254,0.23,0.24153735,0.011537350000000002
mp-622980,0.23,0.21850114,0.01149886
mp-12666,0.24,0.25140202,0.011402020000000013
mp-30727,0.35,0.3613667,0.011366700000000007
mp-20741,0.28,0.29136127,0.011361269999999979
mp-976784,0.43,0.41867548,0.011324520000000005
mp-11499,0.27,0.28126907,0.011269069999999992
mp-5109,0.29,0.27880764,0.011192359999999957
mp-1007852,0.31,0.32091886,0.010918859999999975
mp-22887,0.31,0.32087594,0.010875940000000028
mp-977384,0.35,0.33913982,0.010860179999999997
mp-14112,0.29,0.27918118,0.010818820000000007
mp-10446,0.32,0.33053172,0.010531719999999967
mp-5221,0.28,0.29028696,0.010286959999999956
mp-1007923,0.29,0.27975821,0.010241789999999973
mp-1016197,0.3,0.28985918,0.010140819999999995
mp-15621,0.24,0.23000549,0.009994509999999984
mp-989651,0.21,0.20028321,0.009716790000000003
mp-976408,0.33,0.33954495,0.009544949999999996
mp-861505,0.3,0.29092348,0.009076519999999977
mp-557862,0.34,0.3489322,0.008932200000000001
mp-569267,0.22,0.21116336,0.008836640000000007
mp-1025248,0.37,0.3788308,0.008830800000000028
mp-753226,0.39,0.39859533,0.008595330000000012
mp-19963,0.26,0.2685204,0.008520399999999984
mp-867815,0.2,0.20834006,0.008340059999999982
mp-865796,0.34,0.33176893,0.008231070000000007
mp-975346,0.26,0.26815933,0.008159329999999965
mp-972309,0.33,0.33806384,0.008063839999999989
mp-867159,0.24,0.24794145,0.007941450000000017
mp-23850,0.26,0.25224394,0.007756060000000009
mp-862874,0.39,0.38260132,0.007398679999999991
mp-865625,0.19,0.19672088,0.006720879999999985
mp-9731,0.24,0.24648379,0.006483790000000017
mp-861876,0.25,0.24364494,0.006355059999999996
mp-570604,0.28,0.27364504,0.006354960000000021
mp-510488,0.28,0.27377874,0.006221260000000006
mp-765195,0.21,0.21587263,0.0058726300000000176
mp-568536,0.34,0.33419675,0.0058032500000000375
mp-978545,0.35,0.34422475,0.005775249999999954
mp-2866,0.25,0.25575882,0.005758819999999998
mp-7436,0.24,0.24564292,0.005642919999999996
mp-1477,0.25,0.2555821,0.005582099999999979
mp-19357,0.27,0.26459843,0.005401570000000022
mp-16245,0.31,0.31536126,0.005361259999999979
mp-1025504,0.27,0.2753566,0.005356599999999989
mp-22637,0.27,0.2647196,0.005280400000000018
mp-976142,0.34,0.34521925,0.005219249999999953
mp-601285,0.32,0.31494665,0.005053350000000012
mp-11649,0.2,0.1950074,0.004992600000000014
mp-10528,0.22,0.22495063,0.004950630000000011
mp-972907,0.3,0.2950794,0.004920599999999997
mp-19973,0.27,0.27482253,0.0048225299999999915
mp-13089,0.31,0.3142407,0.004240699999999986
mp-505319,0.36,0.35581273,0.004187269999999965
mp-643367,0.31,0.30590993,0.004090070000000001
mp-4883,0.24,0.23617332,0.003826679999999999
mp-4364,0.32,0.31660378,0.0033962200000000053
mp-5486,0.26,0.26328933,0.003289329999999979
mp-30731,0.39,0.3867488,0.0032512000000000096
mp-976,0.23,0.23319392,0.003193919999999989
mp-7916,0.22,0.223141,0.003141000000000005
mp-22673,0.36,0.35696882,0.0030311799999999667
mp-12954,0.27,0.2728942,0.002894199999999958
mp-1008500,0.31,0.3073169,0.002683099999999994
mp-867109,0.31,0.3075416,0.0024583999999999717
mp-21194,0.27,0.2675866,0.00241340000000001
mp-864650,0.29,0.28778392,0.0022160799999999536
mp-865160,0.31,0.31208295,0.002082950000000028
mp-1016932,0.16,0.16192748,0.0019274800000000092
mp-864756,0.27,0.2718374,0.001837399999999989
mp-1029448,0.27,0.27177083,0.001770830000000001
mp-1401,0.26,0.2617314,0.001731399999999994
mp-13463,0.31,0.3086595,0.0013405000000000222
mp-972653,0.33,0.3286698,0.0013302000000000036
mp-865752,0.38,0.37867194,0.0013280600000000198
mp-20249,0.27,0.26874763,0.0012523700000000026
mp-861640,0.32,0.32120943,0.0012094300000000113
mp-11512,0.32,0.31910008,0.0008999199999999985
mp-4090,0.24,0.23913081,0.0008691899999999919
mp-29352,0.28,0.27926075,0.0007392500000000246
mp-2187,0.28,0.27927846,0.0007215400000000205
mp-16341,0.39,0.38933444,0.0006655600000000095
mp-863690,0.3,0.2993583,0.0006416999999999673
mp-867187,0.31,0.31042486,0.0004248600000000269
mp-4551,0.11,0.10967837,0.0003216300000000033
mp-696,0.32,0.32023913,0.0002391299999999763
mp-776490,0.24,0.23979808,0.00020191999999999433
